Speaker name,Category/topic tags,State,Notes
Aarathi Arumugam,Business; Diversity & Inclusion; Inspirational; Resilience; Storytelling,International (Asia; Singapore),Gender: Female
Aaron Pedersen,After Dinner Speakers; Indigenous Speakers; Master of Ceremonies (MCs) & Hosts,NSW (Tweed Heads),Gender: Male
Aaron Ross,Business,International (USA),Gender: Male
Aaron Williams,"After Dinner Speakers; Health, Lifestyle & Wellbeing; Inspirational; Leadership; Motivational; People & Culture; Virtual",QLD (Brisbane/Sunshine Coast),Gender: Male
Abbey Holmes,Celebrity; Master of Ceremonies (MCs) & Hosts,VIC (Melbourne),Gender: Female
Abbey Stone,,VIC (Melbourne),Gender: Female
Abbie White,"Advertising & Marketing; AI; Business; Leadership; Technology, Future & Innovation",NSW (Sydney),Gender: Female
Abdullahi Alim,Business; Creativity & Innovation; Diversity & Inclusion; Inspirational; Politics & Law,International (Belgium),Gender: Male
Ada Nicodemou,Master of Ceremonies (MCs) & Hosts,NSW,Gender: Female
Adam Axford,Inspirational; Storytelling; Team Building,NSW (Sydney),Gender: Male
Adam Cheyer,"Business; Economy & Finance; Technology, Future & Innovation",International (USA),Gender: Male
Adam Ferrier,Advertising & Marketing; Business; Creativity & Innovation,VIC,Gender: Male
Adam Franklin,AI; Business; Creativity & Innovation; Media; Social Media & Networking,QLD (Brisbane),Gender: Male
Adam Gilchrist AM,Celebrity; Sport,WA (Perth),Gender: Male
Adam Hills,Diversity & Inclusion; Inspirational; Media; Motivational,International; VIC (Melbourne; UK),Gender: Male
Adam Liaw,After Dinner Speakers; Celebrity; Food & Wine,NSW (Sydney),Gender: Male
Adam Mada,Master of Ceremonies (MCs) & Hosts,NSW (Sydney),Gender: Male
Adam Simpson,Business; Inspirational; Leadership; Master of Ceremonies (MCs) & Hosts; Sport; Team Building,WA (Perth),Gender: Male
Adam Spencer,"AI; Media; Technology, Future & Innovation",NSW (Sydney),Gender: Male
Adam Williams,"Business; Inspirational; Leadership; Motivational; Technology, Future & Innovation",VIC (Melbourne),Gender: Male
Adrian Barich,Master of Ceremonies (MCs) & Hosts; Motivational; Sport,WA (Perth),Gender: Male
Aerial Angels,,QLD,Gender: Female
Afterburner,Business; Leadership; Military; Team Building; Virtual,NSW (Sydney),
Aidan Grimes,Adventurers; Inspirational; Leadership; Military; Motivational; People & Culture; Sport; Team Building,QLD (Brisbane),Gender: Male
Aimee Marks,Business; Creativity & Innovation; Education; Intergenerational Influencers; Social Trends & Current Affairs,VIC (Melbourne),Gender: Female
Akash Karia,Business; Leadership; Motivational; People & Culture; Storytelling; Team Building,International (Hong Kong),Gender: Male
Akec Makur Chuot,Business; Diversity & Inclusion; Master of Ceremonies (MCs) & Hosts; Media; Sport; Storytelling,VIC (Melbourne),Gender: Female
Akram Azimi,Diversity & Inclusion; Education; Inspirational; Leadership; Motivational,WA (Perth),Gender: Male
Alan Kohler,Business; Economy & Finance,VIC (Melbourne),Gender: Male
Alan Newey,"Diversity & Inclusion; Health, Lifestyle & Wellbeing",VIC (Melbourne),Gender: Male
Alan Oxley,Business; Economy & Finance; Environment & Climate Change; Leadership; Social Trends & Current Affairs; World Affairs,VIC (Melbourne),Gender: Male
Alan Patching,Business; Leadership; Master of Ceremonies (MCs) & Hosts,QLD (Brisbane),Gender: Male
Alan Tongue,Inspirational; Motivational; Resilience; Sport,ACT (Canberra),Gender: Male
Alastair Clarkson,Leadership; Sport,VIC,Gender: Male
Alastair Lynch,Celebrity; Motivational; Sport,QLD (Brisbane),Gender: Male
Alex Banayan,Business; Creativity & Innovation; Intergenerational Influencers; Leadership; Virtual,International (USA),Gender: Male
Alex Briggs,Sport; Storytelling,NSW (Brisbane; Gold Coast),Gender: Male
Alex Moffat,Leadership; Master of Ceremonies (MCs) & Hosts,NSW (Sydney),Gender: Male
Alex Perry,Business; Celebrity; Intergenerational Influencers; Media,NSW,Gender: Male
Alex Wadelton,Advertising & Marketing; Authors; Business; Creativity & Innovation; Education; Mental Health & Wellness; Motivational,VIC (Melbourne),Gender: Male
Alexa Towersey,"Adventurers; After Dinner Speakers; Health, Lifestyle & Wellbeing; Inspirational; Master of Ceremonies (MCs) & Hosts; Media; Mental Health & Wellness; Motivational",NSW (Sydney),Gender: Female
Alexander Heffner,People & Culture; Politics & Law; World Affairs,International (USA),Gender: Male
Alexandra Hudson,Creativity & Innovation; Diversity & Inclusion; Mental Health & Wellness; Storytelling,NSW (Ballina),Gender: Female
Alexandra Smart,Business; Creativity & Innovation; Master of Ceremonies (MCs) & Hosts; Motivational; Sustainability,NSW (Sydney),Gender: Female
Alexia Hilbertidou,"Business; Inspirational; Intergenerational Influencers; Leadership; Social Media & Networking; Technology, Future & Innovation",New Zealand (Auckland),Gender: Female
Alexis Daish,Master of Ceremonies (MCs) & Hosts; Media; Storytelling,VIC (Melbourne),Gender: Female
Ali Ahmadi,Business; Inspirational; Leadership; People & Culture; Resilience; Team Building,SA (Adelaide),Gender: Male
Ali Clarke,Celebrity; Master of Ceremonies (MCs) & Hosts,SA (Adelaide),Gender: Female
Ali Moore,Master of Ceremonies (MCs) & Hosts; Media,VIC,Gender: Female
Alice Bleatham,"Adventurers; Food & Wine; Health, Lifestyle & Wellbeing; Social Media & Networking",NSW (Bogangar),Gender: Female
Alicia Coutts OAM OLY,"Celebrity; Health, Lifestyle & Wellbeing; Motivational; Sport",QLD (Brisbane),Gender: Female
Alicia Janz,Diversity & Inclusion; Indigenous Speakers; Inspirational; Leadership; Sport; Team Building,WA (Perth),Gender: Female
Alicia Loxley,Celebrity; Master of Ceremonies (MCs) & Hosts,VIC (Melbourne),Gender: Female
Alicia Stephenson,Business; Leadership,VIC (Melbourne),Gender: Female
Alinta Chidzey,Inspirational; Mental Health & Wellness; Resilience,VIC (Melbourne),Gender: Female
Alisa Camplin AM OLY,Business; Resilience; Sport; Virtual,VIC (Melbourne),Gender: Female
Alison Crabb,Business; Leadership,VIC (Melbourne),Gender: Female
Alison Keane,"Health, Lifestyle & Wellbeing; Mental Health & Wellness; People & Culture",QLD,Gender: Female
Alison Nancye,"Health, Lifestyle & Wellbeing; Inspirational; Leadership; Mental Health & Wellness; Resilience",QLD (Coolangatta; Gold Coast),Gender: Female
Alison Venter,"Diversity & Inclusion; Education; Health, Lifestyle & Wellbeing; Inspirational; Leadership",TAS (Launceston),Gender: Female
Allison Mooney,Business; Inspirational; Intergenerational Influencers; People & Culture; Team Building,New Zealand (Auckland),Gender: Female
Allison Shreeve,Business; Celebrity; Inspirational; Motivational; Social Media & Networking; Sport,NSW,Gender: Female
Alma Zygier,,VIC (Melbourne),Gender: Female
Alvin Quah,After Dinner Speakers; Food & Wine,NSW (Sydney),Gender: Male
Amanda Gore,"Business; Health, Lifestyle & Wellbeing; Leadership; People & Culture",International (USA),Gender: Female
Amanda Johnstone,"AI; Business; Creativity & Innovation; Leadership; Mental Health & Wellness; Technology, Future & Innovation; Virtual",NSW (Sydney),Gender: Female
Amanda Keller,Celebrity; Master of Ceremonies (MCs) & Hosts,NSW (Sydney),Gender: Female
Amanda Stevens,"Business; Health, Lifestyle & Wellbeing; Leadership; Mental Health & Wellness; Virtual",QLD (Brisbane; Sunshine Coast),Gender: Female
Amberley Lobo,Master of Ceremonies (MCs) & Hosts,WA (Perth),Gender: Female
Amelia Brace,Master of Ceremonies (MCs) & Hosts,NSW (Sydney),Gender: Female
Amit Prakash,Business,International (Asia; Singapore),Gender: Male
Amna Karra-Hassan,"Business; Diversity & Inclusion; Education; Health, Lifestyle & Wellbeing; Inspirational; Leadership; People & Culture; Social Trends & Current Affairs; Sport; Team Building; Virtual",NSW (Sydney),Gender: Female
Amrit Sandhu,"Health, Lifestyle & Wellbeing; Inspirational; Mental Health & Wellness; Motivational",VIC (Melbourne),Gender: Male
Amy Carter-James,After Dinner Speakers; Environment & Climate Change; Inspirational; Leadership; Social Trends & Current Affairs; Sustainability; World Affairs,WA (Margaret River; Perth),Gender: Female
Amy Jacobson,Business; Leadership; People & Culture; Team Building,WA (Perth),Gender: Female
Amy Purdy,Authors; Diversity & Inclusion; Inspirational; Motivational; Resilience; Sport,International (USA),Gender: Female
Anaita Sarkar,"Business; Environment & Climate Change; Leadership; Sustainability; Technology, Future & Innovation",NSW (Sydney),Gender: Female
Anders Sörman-Nilsson,"AI; Business; Intergenerational Influencers; Leadership; Sustainability; Technology, Future & Innovation",NSW (Palm Beach),Gender: Male
Andi Lew,"Business; Education; Health, Lifestyle & Wellbeing; Master of Ceremonies (MCs) & Hosts; People & Culture; Social Media & Networking; Social Trends & Current Affairs",International (USA),Gender: Female
Andi Lucas,Business; Diversity & Inclusion; Environment & Climate Change; Inspirational; Resilience,TAS (Launceston),Gender: Female
Andre Agassi,Celebrity; Motivational; Sport,International (USA),Gender: Male
Andre King,After Dinner Speakers,Australia; New Zealand (Auckland),Gender: Male
Andrea Clarke,"Business; Creativity & Innovation; People & Culture; Technology, Future & Innovation; Virtual",NSW (Sydney),Gender: Female
Andrea Edwards,Business,International (Asia; Singapore),Gender: Female
Andrew Barnett,Master of Ceremonies (MCs) & Hosts,NSW,Gender: Male
Andrew Benefield,Business,NSW (Sydney),Gender: Male
Andrew Bogut,Celebrity; Inspirational; Motivational; Sport,QLD (SE QLD),Gender: Male
Andrew Bryant,Leadership,International (Asia; Singapore),Gender: Male
Andrew Campbell,"Business; Creativity & Innovation; Technology, Future & Innovation",NSW (Sydney),Gender: Male
Andrew Costello (Cosi),Celebrity; Master of Ceremonies (MCs) & Hosts; Motivational,SA (Adelaide),Gender: Male
Andrew Daddo,Master of Ceremonies (MCs) & Hosts,NSW (Sydney),Gender: Male
Andrew Demetriou,Business; Celebrity; Leadership; Media,VIC (Melbourne),Gender: Male
Andrew Edmondson,Inspirational; Motivational; Sport,NSW,Gender: Male
Andrew Gaze AM,After Dinner Speakers; Inspirational; Motivational; Sport; Team Building,VIC (Melbourne),Gender: Male
Andrew Gill,Master of Ceremonies (MCs) & Hosts,VIC (Mt Eliza),Gender: Male
Andrew Grant,"Business; Creativity & Innovation; Leadership; Team Building; Technology, Future & Innovation",NSW (Sydney),Gender: Male
Andrew Griffiths,Business,TAS (Hobart),Gender: Male
Andrew Hansen,After Dinner Speakers; Master of Ceremonies (MCs) & Hosts,VIC (Melbourne),Gender: Male
Andrew Hoggard,Business; Diversity & Inclusion; Inspirational; Leadership; Motivational; People & Culture,New Zealand (Auckland),Gender: Male
Andrew Horabin,Master of Ceremonies (MCs) & Hosts,WA,Gender: Male
Andrew Jobling,"Health, Lifestyle & Wellbeing",VIC,Gender: Male
Andrew Klein,Business; Master of Ceremonies (MCs) & Hosts; Virtual,NSW (Sydney),Gender: Male
Andrew Lark,"AI; Business; Leadership; Technology, Future & Innovation",VIC (Melbourne),Gender: Male
Andrew Leunig,"Business; Creativity & Innovation; Economy & Finance; Technology, Future & Innovation",SA (Adelaide),Gender: Male
Andrew Lock OAM,Adventurers; Inspirational; Leadership; Motivational; Resilience; Team Building,ACT (Canberra),Gender: Male
Andrew MacLeod,Business; Leadership; Resilience; Social Trends & Current Affairs; Virtual; World Affairs,VIC (Melbourne),Gender: Male
Andrew Matthews,Authors; Motivational; People & Culture,QLD,Gender: Male
Andrew May,"Authors; Business; Health, Lifestyle & Wellbeing; Motivational; People & Culture; Sport",NSW (Sydney),Gender: Male
Andrew Mehrtens,Sport,NSW (Sydney),Gender: Male
Andrew Rule,Media; Politics & Law,VIC (Melbourne),Gender: Male
Andrew Scipione AO APM,"Leadership; Military; Politics & Law; Technology, Future & Innovation",NSW (Sydney),Gender: Male
Andrew Ucles,Adventurers; Celebrity,NSW,Gender: Male
Andrew Voss,Master of Ceremonies (MCs) & Hosts; Media; Sport,NSW,Gender: Male
Andrew Winter,Celebrity; Media,QLD (Gold Coast),Gender: Male
Ange Postecoglou,Inspirational; Leadership; Motivational; Resilience; Sport,International (Asia; Japan),Gender: Male
Angela Chee,Business; Diversity & Inclusion; Inspirational; Leadership; Master of Ceremonies (MCs) & Hosts; Motivational; Team Building; Virtual,International (USA),Gender: Female
Angela Hucker,"Diversity & Inclusion; Health, Lifestyle & Wellbeing; Intergenerational Influencers; Leadership; Mental Health & Wellness",TAS (Hobart),Gender: Female
Angela Jacobson,"Business; Celebrity; Health, Lifestyle & Wellbeing; Inspirational; Motivational; People & Culture",VIC,Gender: Female
Angela Pippos,Authors; Business; Diversity & Inclusion; Leadership; Master of Ceremonies (MCs) & Hosts; Sport,VIC (Melbourne),Gender: Female
Angela Sun,Master of Ceremonies (MCs) & Hosts,NSW,Gender: Female
Angela Tsun,Master of Ceremonies (MCs) & Hosts,WA,Gender: Female
Angelo Tirhas,Business; Inspirational; Leadership; People & Culture; Team Building,International (Singapore),Gender: Male
Angie Lau,"Business; Celebrity; Leadership; Master of Ceremonies (MCs) & Hosts; Media; Technology, Future & Innovation",International (Asia; Hong Kong),Gender: Female
Angie Paskevicius,Business; Leadership; Resilience,WA,Gender: Female
Anh Do,Celebrity; Inspirational,NSW (Sydney),Gender: Male
Anil K. Gupta,"Creativity & Innovation; Inspirational; Technology, Future & Innovation",International (USA),Gender: Male
Anita Jacoby AM,After Dinner Speakers; Business; Celebrity; Leadership; Master of Ceremonies (MCs) & Hosts; Media,NSW (Sydney),Gender: Female
Anjali Rao,Diversity & Inclusion; Leadership; Master of Ceremonies (MCs) & Hosts; World Affairs,VIC (Melbourne),Gender: Female
Anjali Sharma,"Business; Diversity & Inclusion; Leadership; Storytelling; Technology, Future & Innovation",International (Asia; Singapore),Gender: Female
Ann Peacock,Master of Ceremonies (MCs) & Hosts,VIC (Melbourne),Gender: Female
Ann Sherry AO,Business; Diversity & Inclusion; Leadership,NSW,Gender: Female
Anna Bligh AC,Business; Economy & Finance; Leadership; Politics & Law,NSW (Sydney),Gender: Female
Anna Daniels,Celebrity; Master of Ceremonies (MCs) & Hosts; Storytelling,NSW (Sydney),Gender: Female
Anna Goat,"Business; Creativity & Innovation; Leadership; Resilience; Technology, Future & Innovation",NT (Darwin),Gender: Female
Anna Healey,Authors; Inspirational; Motivational; Sport,VIC (Melbourne),Gender: Female
Anna Lee,Business; Diversity & Inclusion; Leadership; Motivational,SA,Gender: Female
Anna Meares OAM,"Authors; Business; Health, Lifestyle & Wellbeing; Inspirational; Leadership; Motivational; Resilience; Sport; Team Building; Virtual",QLD (Brisbane),Gender: Female
Anna Polyviou,Business; Creativity & Innovation; Food & Wine; Social Media & Networking,VIC (Melbourne),Gender: Female
Anna-Louise Bouvier,"Health, Lifestyle & Wellbeing",NSW (Sydney),Gender: Female
Annabelle Chauncy OAM,Business,NSW (Sydney),Gender: Female
Anne Fulwood,Master of Ceremonies (MCs) & Hosts; Media,NSW,Gender: Female
Anneli Blundell,Business; Diversity & Inclusion; Leadership,VIC (Melbourne),Gender: Female
Annie Duke,"Business; Health, Lifestyle & Wellbeing; Technology, Future & Innovation",International (USA),Gender: Female
Annie Gibbins,Business; Leadership; Master of Ceremonies (MCs) & Hosts; Team Building,NSW (Sydney),Gender: Female
Annie Harvey,"Education; Health, Lifestyle & Wellbeing; Master of Ceremonies (MCs) & Hosts; Mental Health & Wellness; People & Culture",SA (Adelaide),Gender: Female
Ant Middleton,Authors; Business; Celebrity; Leadership; Motivational; Resilience; Team Building,International (UK),Gender: Male
Anthony 'Mini' Minichiello,"Business; Health, Lifestyle & Wellbeing; Inspirational; Leadership; Motivational; Sport",NSW,Gender: Male
Anthony Bonnici,Business; Leadership; Master of Ceremonies (MCs) & Hosts; Motivational; People & Culture; Resilience; Sport; Team Building,NSW (Sydney),Gender: Male
Anthony Clarke OAM,"Business; Diversity & Inclusion; Health, Lifestyle & Wellbeing; Inspirational; Motivational; People & Culture; Sport",SA (Adelaide),Gender: Male
Anthony Eisen,Business; Leadership; Virtual,NSW (Sydney),Gender: Male
Anthony Hart,"Health, Lifestyle & Wellbeing; Inspirational; Mental Health & Wellness; Motivational",SA (Adelaide),Gender: Male
Anthony Ikin,"Health, Lifestyle & Wellbeing; Inspirational; Mental Health & Wellness; Motivational; Resilience; Storytelling",QLD (Brisbane),Gender: Male
Anthony Laye,Virtual,QLD (Brisbane),Gender: Male
Anthony Salame,Master of Ceremonies (MCs) & Hosts,NSW (Sydney),Gender: Male
Anton Guinea,"Health, Lifestyle & Wellbeing; Leadership; Master of Ceremonies (MCs) & Hosts; Motivational; People & Culture; Team Building",QLD (Brisbane),Gender: Male
Archie Thompson,Leadership; Media; Motivational; Sport,VIC (Melbourne),Gender: Male
Ariarne Titmus OAM,Inspirational; Motivational; Sport,QLD (Brisbane),Gender: Female
Arman Abrahimzadeh OAM,Diversity & Inclusion; Inspirational; Social Trends & Current Affairs,SA (Adelaide),Gender: Male
Arnold Schwarzenegger,Celebrity; Leadership; Politics & Law,International (USA),Gender: Male
Aseel Tayah,Business; Diversity & Inclusion; Inspirational; Leadership; Motivational; Team Building,VIC (Melbourne),Gender: Female
Ashara Wills,Diversity & Inclusion,WA (Perth),Gender: Female
Ashi Bhat,"Advertising & Marketing; AI; Business; Technology, Future & Innovation",NSW (Sydney),Gender: Female
Ashleigh Small,"Inspirational; Leadership; Technology, Future & Innovation",WA (Perth),Gender: Female
Ashley Belteky,Inspirational; Leadership; Motivational,VIC (Melbourne),Gender: Female
Ashley Dudarenok,Advertising & Marketing; Business; Leadership; Media; Social Media & Networking; Virtual,International (Asia; Hong Kong),Gender: Female
Ashley Fell,Advertising & Marketing; Business; Social Media & Networking; Social Trends & Current Affairs,NSW (Sydney),Gender: Female
Ashton Bishop,Advertising & Marketing; Business; Creativity & Innovation; Leadership; Master of Ceremonies (MCs) & Hosts,NSW (Sydney),Gender: Male
Audra Morrice,Food & Wine,NSW,Gender: Female
Aunty Eva Jo Edwards,Diversity & Inclusion; Education; Indigenous Speakers; Leadership; People & Culture; Resilience,VIC (Melbourne),Gender: Female
Aunty Munya Andrews & Carla Rogers,Business; Diversity & Inclusion; Indigenous Speakers; Leadership; People & Culture; Team Building,NSW (Sydney),Gender: Female
Avi Liran,"Business; Diversity & Inclusion; Health, Lifestyle & Wellbeing; Leadership",International (Asia; Singapore),Gender: Male
Avril Henry AM,"Business; Intergenerational Influencers; Leadership; Social Trends & Current Affairs; Team Building; Technology, Future & Innovation",NSW (Sydney),Gender: Female
Azran Osman-Rani,"Business; Health, Lifestyle & Wellbeing; Leadership; Technology, Future & Innovation",International (Asia; Kuala Lumpur; Malaysia),Gender: Male
Babette Bensoussan,"Business; Leadership; Mental Health & Wellness; Resilience; Technology, Future & Innovation",QLD (Brisbane),Gender: Female
Banana Republic,Team Building,VIC,
Bardie Somerville,"Health, Lifestyle & Wellbeing; Inspirational; Mental Health & Wellness",VIC (Melbourne),Gender: Female
Barry Du Bois,"Celebrity; Health, Lifestyle & Wellbeing; Master of Ceremonies (MCs) & Hosts",NSW (Sydney),Gender: Male
Bart Walsh,"Health, Lifestyle & Wellbeing; Inspirational; Leadership; Mental Health & Wellness; Motivational; Resilience",QLD (Sunshine Coast),Gender: Male
Bastien Treptel,"Adventurers; Leadership; Storytelling; Technology, Future & Innovation",VIC (Melbourne),Gender: Male
Be Challenged,Team Building,,
Bear Grylls,Adventurers; Military,International (UK),Gender: Male
Beau Vernon,"Diversity & Inclusion; Education; Health, Lifestyle & Wellbeing; Inspirational; People & Culture; Resilience; Sport",QLD,Gender: Male
Bec Charlwood,Diversity & Inclusion; Master of Ceremonies (MCs) & Hosts,NSW (Sydney),Gender: Female
Bec Derrington,Business; Media,VIC,Gender: Female
Bec Goddard OAM,Diversity & Inclusion; Leadership; Motivational; Resilience; Sport; Team Building,VIC (Melbourne),Gender: Female
Becky Hirst FRSA,"Business; Creativity & Innovation; Leadership; Social Trends & Current Affairs; Technology, Future & Innovation",SA (Adelaide),Gender: Female
Ben Aylett,Social Trends & Current Affairs,WA,Gender: Male
Ben Cryan,Inspirational,NSW,Gender: Male
Ben Haack,Diversity & Inclusion; Inspirational; Sport,NSW (Sydney),Gender: Male
Ben McDevitt AM APM,After Dinner Speakers; Business; Inspirational; Leadership; Motivational; Team Building,QLD,Gender: Male
Ben Murphy,Master of Ceremonies (MCs) & Hosts; Virtual,VIC (Melbourne),Gender: Male
Ben O'Donoghue,After Dinner Speakers; Celebrity; Food & Wine; Master of Ceremonies (MCs) & Hosts; Media,QLD (Brisbane),Gender: Male
Ben Owen,"Adventurers; After Dinner Speakers; Celebrity; Leadership; Technology, Future & Innovation",International (Spain),Gender: Male
Ben Popham OAM,Diversity & Inclusion; Inspirational; Sport; Team Building,WA (Perth),Gender: Male
Ben Price,Virtual,VIC (Melbourne),Gender: Male
Ben Sorensen,Diversity & Inclusion; Master of Ceremonies (MCs) & Hosts; Motivational; Team Building; Virtual,VIC (Melbourne),Gender: Male
Ben Southall,"Adventurers; Authors; Celebrity; Health, Lifestyle & Wellbeing; Inspirational; Master of Ceremonies (MCs) & Hosts; Motivational; Team Building",QLD,Gender: Male
Ben Trinh,Business; Creativity & Innovation; Leadership; Motivational; People & Culture,VIC (Melbourne),Gender: Male
Benjamin Cheng,Business; Leadership; Team Building,International (Singapore),Gender: Male
Benjamin Loh,Business; Leadership; Motivational; Storytelling; Team Building,International (Singapore),Gender: Male
Benny Darsow,Master of Ceremonies (MCs) & Hosts,SA (Adelaide),Gender: Male
Bentley Sound Healing,"Health, Lifestyle & Wellbeing; Mental Health & Wellness",WA (Perth),Gender: Female
Bernadette Alizart,Master of Ceremonies (MCs) & Hosts,QLD (Brisbane),Gender: Female
Bernadette Black AM,"Education; Health, Lifestyle & Wellbeing; Inspirational; Motivational; Social Trends & Current Affairs",TAS (Hobart),Gender: Female
Bernadette Robinson,,VIC,Gender: Female
Bernadette Schwerdt,"Advertising & Marketing; Business; Health, Lifestyle & Wellbeing; Leadership; People & Culture; Virtual",VIC (Melbourne),Gender: Female
Bernard Salt AM,"Business; Diversity & Inclusion; Economy & Finance; Intergenerational Influencers; Social Trends & Current Affairs; Technology, Future & Innovation; Virtual",VIC (Melbourne),Gender: Male
Bernie Brookes AM,Business,NSW (Sydney),Gender: Male
Bethenny Frankel,Business; Leadership; Motivational; People & Culture,International (USA),Gender: Female
Bev Killick,,VIC (Melbourne),Gender: Female
Beverley O'Connor,"Health, Lifestyle & Wellbeing; Master of Ceremonies (MCs) & Hosts",VIC (Melbourne),Gender: Female
Bianca Chatfield,Business; Celebrity; Media; Sport,VIC (Melbourne),Gender: Female
Bianca Dye,Master of Ceremonies (MCs) & Hosts; Media,NSW,Gender: Female
Bianca Hunt,Indigenous Speakers; Intergenerational Influencers; Master of Ceremonies (MCs) & Hosts; Media; Storytelling,NSW (Sydney),Gender: Female
Bill Benjamin,Business; Leadership,International (USA),Gender: Male
Bill James,Business; Social Media & Networking,New Zealand (Auckland),Gender: Male
Bill Nelson,Business; Inspirational; Leadership; Motivational; People & Culture; Sport; Team Building,NSW,Gender: Male
Bill Nikolouzakis,Business; Leadership; People & Culture; Resilience,VIC (Melbourne),Gender: Male
Bill Zammit,"Business; Health, Lifestyle & Wellbeing; Inspirational; Motivational",QLD (Cairns),Gender: Male
Billy Brownless,Celebrity; Master of Ceremonies (MCs) & Hosts; Media; Sport; Storytelling,VIC (Melbourne),Gender: Male
Blake Beattie,Business; Leadership; Master of Ceremonies (MCs) & Hosts; Motivational; Resilience,QLD (Brisbane),Gender: Male
Blake Masters,Business,International (USA),Gender: Male
Blue Tongue Harmonica,"Health, Lifestyle & Wellbeing; Team Building",NSW (Sydney),Gender: Male
Bob Hunter,Business; People & Culture; Team Building,WA (Perth),Gender: Male
Bob Mansfield,Business; Leadership,NSW,Gender: Male
Bob Schwartz,"Business; Leadership; Technology, Future & Innovation",International (USA),Gender: Male
Bonnie Anderson,Celebrity,VIC (Melbourne),Gender: Female
Boris Becker,Sport,International (UK),Gender: Male
Brad McEwan,"Health, Lifestyle & Wellbeing; Master of Ceremonies (MCs) & Hosts; Media; Mental Health & Wellness; Motivational; Storytelling",VIC (Melbourne),Gender: Male
Brad Ness OAM,"Diversity & Inclusion; Health, Lifestyle & Wellbeing; Inspirational; Leadership; Mental Health & Wellness",WA,Gender: Male
Brad Scott,Business; Creativity & Innovation; Environment & Climate Change; Leadership; Sustainability,VIC (Melbourne),Gender: Male
Brad Smeele,Diversity & Inclusion; Inspirational; Motivational; Resilience; Sport,New Zealand (Auckland),Gender: Male
Brad Twynham,"Business; Creativity & Innovation; Indigenous Speakers; Technology, Future & Innovation",NSW (Sydney),Gender: Male
Bradley Dryburgh,"Health, Lifestyle & Wellbeing; Inspirational; Motivational; Resilience; Storytelling",NSW (Sydney),Gender: Male
Bradley Hall,Indigenous Speakers,WA (Perth),Gender: Male
Bram Connolly DSM,Business; Leadership; Master of Ceremonies (MCs) & Hosts; Military; Team Building; Virtual,WA (Perth),Gender: Male
Brandon Green,Business; Creativity & Innovation; Leadership; Motivational; Team Building,International (USA),Gender: Male
Brant 'Bugsy' North,"Business; Health, Lifestyle & Wellbeing; Inspirational; Leadership; Motivational; Resilience; Sport",QLD (Brisbane),Gender: Male
Brant Garvey,"Diversity & Inclusion; Health, Lifestyle & Wellbeing; Inspirational; Resilience; Sport",WA (Perth),Gender: Male
Bree Laughlin,Celebrity; Master of Ceremonies (MCs) & Hosts,VIC (Melbourne),Gender: Female
Brenda Bence,Advertising & Marketing; Business; Leadership,International (Asia; Singapore),Gender: Female
Brendan Moar,Master of Ceremonies (MCs) & Hosts,NSW,Gender: Male
Brendon Gale,Business; Economy & Finance; Leadership; Motivational; Sport; Team Building,TAS (Hobart),Gender: Male
Brendon Julian,Media; Sport,NSW (Sydney),Gender: Male
Brennon Dowrick,Inspirational; Master of Ceremonies (MCs) & Hosts; Motivational; Sport,NSW (Sydney),Gender: Male
Brent Reilly,"Education; Health, Lifestyle & Wellbeing; Inspirational; Mental Health & Wellness; Sport",SA (Adelaide),Gender: Male
Brent Smart,Advertising & Marketing; Business; Leadership,NSW (Sydney),Gender: Male
Brenton Ragless,Celebrity; Environment & Climate Change; Master of Ceremonies (MCs) & Hosts,SA,Gender: Male
Brett Bower,After Dinner Speakers; Creativity & Innovation,NSW (Sydney),Gender: Male
Brett Connellan,Education; Inspirational; Mental Health & Wellness; Motivational; Resilience; Storytelling,NSW (Kiama; Sydney),Gender: Male
Brett de Hoedt,Advertising & Marketing; Business; Leadership; Master of Ceremonies (MCs) & Hosts,VIC (Melbourne),Gender: Male
Brett King,"Business; Economy & Finance; Technology, Future & Innovation",International (USA),Gender: Male
Brett Maher,Business; Inspirational; Master of Ceremonies (MCs) & Hosts; Motivational; People & Culture; Sport,SA (Adelaide),Gender: Male
Brett Murray OAM,"Business; Education; Health, Lifestyle & Wellbeing; Inspirational; Leadership",NSW,Gender: Male
Brett Rutledge,AI; Business; Leadership; Master of Ceremonies (MCs) & Hosts; Storytelling,VIC (Melbourne),Gender: Male
Bri Lee,Business; Diversity & Inclusion; Leadership; Politics & Law,NSW (Sydney),Gender: Female
Brian Goorjian,Celebrity; Leadership; Motivational; Sport; Team Building,VIC,Gender: Male
Brian Greedy,Business,WA (Perth),Gender: Male
Brian Haratsis,"Economy & Finance; Intergenerational Influencers; Social Trends & Current Affairs; Technology, Future & Innovation",VIC,Gender: Male
Brian Nankervis,Virtual,VIC (Melbourne),Gender: Male
Brian Ritchie,Celebrity,ACT; TAS (Canberra; Hobart),Gender: Male
Brian Shields,Master of Ceremonies (MCs) & Hosts; Sport; Team Building,WA (Perth),Gender: Male
Brian Walker,"Advertising & Marketing; Business; Leadership; Team Building; Technology, Future & Innovation",NSW (Sydney),Gender: Male
Brigitte Duclos,Celebrity; Master of Ceremonies (MCs) & Hosts,VIC,Gender: Female
Brihony Dawson,Diversity & Inclusion; Master of Ceremonies (MCs) & Hosts,VIC (Melbourne),Gender: Female
Briony Benjamin,Advertising & Marketing; Creativity & Innovation; Environment & Climate Change; Inspirational; Resilience; Storytelling,QLD (Gold Coast),Gender: Female
Brittany Baldwin,Business; Leadership; Motivational,QLD (Gold Coast),Gender: Female
Brodie Kane,Leadership; Media; Mental Health & Wellness; Storytelling,New Zealand (Auckland),Gender: Female
Bron Lewis,,VIC (Melbourne),Gender: Female
Brooke Blurton,Celebrity; Diversity & Inclusion; Indigenous Speakers; Inspirational; Mental Health & Wellness; Resilience,VIC (Melbourne),Gender: Female
Brooke Boney,Indigenous Speakers; Master of Ceremonies (MCs) & Hosts; Media,NSW (Sydney),Gender: Female
Brooke Hanson OLY OAM,"Celebrity; Health, Lifestyle & Wellbeing; Inspirational; Leadership; Master of Ceremonies (MCs) & Hosts; Mental Health & Wellness; Motivational; Sport; Virtual",QLD (Gold Coast),Gender: Female
Brooke Howard-Smith,"Business; Leadership; Technology, Future & Innovation",New Zealand (Auckland),Gender: Male
Brooke McIntosh,"Health, Lifestyle & Wellbeing; Inspirational; Leadership; Mental Health & Wellness; Motivational",WA (Perth),Gender: Female
Bryan Dawe,Master of Ceremonies (MCs) & Hosts; Storytelling,VIC (Melbourne),Gender: Male
Bryan Krekel,"AI; Business; Technology, Future & Innovation",International (USA),Gender: Male
Caitlin Bassett,Inspirational; Leadership; Mental Health & Wellness; Sport,NSW (Sydney),Gender: Female
Caleb Gardner,"Business; Leadership; Politics & Law; Technology, Future & Innovation",International (USA),Gender: Male
Caleb Rixon,Diversity & Inclusion; Inspirational; Motivational; Resilience; Storytelling,VIC (Melbourne),Gender: Male
Callum Hann,"Food & Wine; Health, Lifestyle & Wellbeing",SA (Adelaide),Gender: Male
Cam Greenwood,"Creativity & Innovation; Health, Lifestyle & Wellbeing; Inspirational; Leadership; Social Trends & Current Affairs",VIC,Gender: Male
Cam Sullings,Master of Ceremonies (MCs) & Hosts; Virtual,ACT (Canberra),Gender: Male
Cameron Baud,Master of Ceremonies (MCs) & Hosts; Media; Storytelling,VIC (Melbourne),Gender: Male
Cameron Daddo,Celebrity; Master of Ceremonies (MCs) & Hosts,NSW (Sydney),Gender: Male
Cameron Schwab,Leadership; Motivational; Sport; Team Building,VIC (Melbourne),Gender: Male
Cameron Williams,Celebrity; Master of Ceremonies (MCs) & Hosts,NSW (Sydney),Gender: Male
Camilla Thompson,"Business; Health, Lifestyle & Wellbeing; Leadership; Mental Health & Wellness; Motivational; People & Culture",NSW (Sydney),Gender: Female
Campbell Johnstone,Diversity & Inclusion; Leadership; Mental Health & Wellness; Resilience; Sport,New Zealand (Auckland),Gender: Male
Campbell Macpherson,"Advertising & Marketing; Business; Health, Lifestyle & Wellbeing; Leadership; Resilience; Virtual",International (UK),Gender: Male
Candice Harvey,Business; Motivational; People & Culture; Team Building,QLD (Brisbane),Gender: Female
Candice Warner,Celebrity; Inspirational; Motivational; Resilience; Sport,NSW (Sydney),Gender: Female
Candy Hertz,Education; Social Media & Networking; Social Trends & Current Affairs,VIC,Gender: Female
Canna Campbell,Business; Economy & Finance; Intergenerational Influencers; Motivational; Social Media & Networking,NSW (Sydney),Gender: Female
Captain Deborah Lawrie AM,After Dinner Speakers; Inspirational; Leadership; Motivational; Resilience,NSW (Sydney),Gender: Female
"Captain Mona Shindy, CSC",Business; Diversity & Inclusion; Inspirational; Leadership; Master of Ceremonies (MCs) & Hosts; Motivational; People & Culture; Resilience,ACT; NSW (Canberra; Sydney),Gender: Female
Carly Findlay OAM,Diversity & Inclusion; Resilience,VIC (Melbourne),Gender: Female
Carmem Domingues,"AI; Business; Leadership; Technology, Future & Innovation",International (USA),Gender: Female
Carol Cooke AM PLY,Business; Motivational; Sport,VIC (Melbourne),Gender: Female
Carolyn Creswell,Business; Inspirational; Leadership; People & Culture; Team Building,VIC (Melbourne),Gender: Female
Carolyn Miller,Advertising & Marketing; Business; Celebrity; Creativity & Innovation; Leadership; Master of Ceremonies (MCs) & Hosts; Media; Social Media & Networking; Virtual,NSW (Sydney),Gender: Female
Carren Smith,Business; Inspirational; Leadership; People & Culture; Team Building,QLD (Brisbane),Gender: Female
Cas & Jonesy,Adventurers; Inspirational; Motivational,TAS (Hobart),Gender: Male
Casey Beros,"Celebrity; Education; Health, Lifestyle & Wellbeing; Master of Ceremonies (MCs) & Hosts; Motivational",WA (Perth),Gender: Female
Casey Burgess,Celebrity; Master of Ceremonies (MCs) & Hosts,NSW (Sydney),Gender: Female
Casey Dellacqua,,,Gender: Female
Casey Donovan,Diversity & Inclusion; Indigenous Speakers; Inspirational,NSW (Sydney),Gender: Female
Cassie Kozyrkov,"AI; Business; Leadership; Technology, Future & Innovation",International (USA),Gender: Female
Cassie Silver,Business; Inspirational; Master of Ceremonies (MCs) & Hosts; Media,WA (Perth),Gender: Female
Cat Matson,"Business; Leadership; Technology, Future & Innovation",QLD (Brisbane),Gender: Female
Cate Campbell OAM,Sport,QLD (Brisbane),Gender: Female
Catherine  Saxelby,"Food & Wine; Health, Lifestyle & Wellbeing",NSW,Gender: Female
Catherine DeVrye,After Dinner Speakers; Business; Inspirational; Leadership; Motivational,NSW (Sydney),Gender: Female
Catherine Marriott OAM,Business; Environment & Climate Change; Leadership; Sustainability,VIC (Yarrawonga),Gender: Female
Catherine Molloy,Business; Leadership; Virtual,QLD,Gender: Female
Cathrine Mahoney,Inspirational; Media; Motivational; Resilience; Storytelling,NSW (Sydney),Gender: Female
Cathy Freeman AC,Celebrity; Indigenous Speakers; Inspirational; Motivational; Sport,VIC (Melbourne),Gender: Female
Catriona Rowntree,Celebrity; Master of Ceremonies (MCs) & Hosts,VIC (Little River),Gender: Female
Celeste Barber,,NSW,Gender: Female
Celia Pacquola,Master of Ceremonies (MCs) & Hosts; Mental Health & Wellness,VIC (Melbourne),Gender: Female
Chandler Comerford,"Business; Education; Health, Lifestyle & Wellbeing; Inspirational; Leadership; Motivational; People & Culture",WA (Perth),Gender: Male
Charles Brice,Diversity & Inclusion; Inspirational; Master of Ceremonies (MCs) & Hosts; Media; Resilience; Sport,SA (Adelaide),Gender: Male
Charles Marcus,Business; Motivational,International (Canada),Gender: Male
Charlie Bezzina,Authors; Politics & Law; Social Trends & Current Affairs,VIC (Melbourne),Gender: Male
Charlie King OAM,After Dinner Speakers; Celebrity; Indigenous Speakers; Inspirational; Master of Ceremonies (MCs) & Hosts; Social Trends & Current Affairs; Sport,NT (Darwin),Gender: Male
Charlie Pickering,Media; Politics & Law,VIC (Melbourne),Gender: Male
Charlie Ranger,Master of Ceremonies (MCs) & Hosts,VIC (Melbourne),Gender: Male
Charlotte Bellis,Master of Ceremonies (MCs) & Hosts; Media; Social Trends & Current Affairs; World Affairs,International; New Zealand (Auckland; Belgium),Gender: Female
Charlotte Middleton,"Celebrity; Health, Lifestyle & Wellbeing; Inspirational; Master of Ceremonies (MCs) & Hosts; Media; Mental Health & Wellness; Motivational",NSW,Gender: Female
Charmaine Keegan,Business; Leadership,NSW (Sydney),Gender: Female
Charmaine Smith,Leadership; Motivational; Resilience; Sport,New Zealand (Auckland),Gender: Female
Charmayne Thompson GAICD,"Business; Diversity & Inclusion; Health, Lifestyle & Wellbeing; Leadership; Resilience",VIC (Melbourne),Gender: Female
Chelsea Pottenger,"Business; Health, Lifestyle & Wellbeing; Mental Health & Wellness; Resilience; Virtual",NSW (Sydney),Gender: Female
Cherylee Harris,Business; Celebrity; Master of Ceremonies (MCs) & Hosts; People & Culture,SA (Adelaide),Gender: Female
Chloe Esposito OAM,Inspirational; Leadership; Motivational; Sport,NSW,Gender: Female
Chloë McCardel,Inspirational; Leadership; Motivational; People & Culture; Sport; Virtual,VIC (Melbourne),Gender: Female
Chris & Courtney Murphy,Celebrity,WA (Perth),Gender: Male
Chris Anstey,Sport,VIC (Melbourne),Gender: Male
Chris Blowes,Diversity & Inclusion; Inspirational; Mental Health & Wellness; Motivational; Resilience; Sport,SA (Adelaide),Gender: Male
Chris Brown,Authors; Celebrity; Master of Ceremonies (MCs) & Hosts,NSW (Sydney),Gender: Male
Chris Bunton,"Diversity & Inclusion; Health, Lifestyle & Wellbeing; Inspirational; Resilience; Sport",NSW (Sydney),Gender: Male
Chris Gardner,"Business; Health, Lifestyle & Wellbeing; Inspirational; Motivational",International (USA),Gender: Male
Chris Hadfield,Adventurers; After Dinner Speakers; Inspirational; Leadership; Military; Motivational; Virtual,International (Canada; Toronto),Gender: Male
Chris Helder,"Business; Health, Lifestyle & Wellbeing; Motivational; People & Culture; Virtual",QLD (Noosa; Sunshine Coast),Gender: Male
Chris Huet,Business; Creativity & Innovation; Leadership; Military; People & Culture; Storytelling,ACT (Canberra),Gender: Male
Chris Keogh,Master of Ceremonies (MCs) & Hosts,VIC,Gender: Female
Chris Lemons,Inspirational; Leadership; Motivational; Resilience; Storytelling,International (France),Gender: Male
Chris Parker,Master of Ceremonies (MCs) & Hosts,New Zealand (Auckland),Gender: Male
Chris Parsons,Inspirational; Master of Ceremonies (MCs) & Hosts; Media,QLD (Gold Coast),Gender: Male
Chris Radburn,Master of Ceremonies (MCs) & Hosts,NSW (Sydney),Gender: Male
Chris Richardson,"Economy & Finance; Technology, Future & Innovation",NSW (Sydney),Gender: Male
Chris Robb,Business; Creativity & Innovation; Leadership; Resilience,International (Asia; Bali; Denpasar; Indonesia),Gender: Male
Chris Ryan,Master of Ceremonies (MCs) & Hosts,NSW (Sydney),Gender: Female
Chris Smoje,Business,WA,Gender: Male
Chris Taylor,Master of Ceremonies (MCs) & Hosts,NSW (Sydney),Gender: Male
Christian 'Boo' Boucousis CSP,Business; Leadership; Military; Sport,International (Salt Lake City; Sydney),Gender: Male
Christian Chua,Business; Education; Inspirational; Motivational; Virtual,International (Asia; Singapore),Gender: Male
Christie Jenkins,"Business; Motivational; Sport; Technology, Future & Innovation",VIC (Melbourne),Gender: Female
Christina Morrissy,"Food & Wine; Health, Lifestyle & Wellbeing; Master of Ceremonies (MCs) & Hosts; Media; Storytelling",WA (Perth),Gender: Female
Christine Anu,Celebrity; Indigenous Speakers; Virtual,QLD (Rockhampton),Gender: Female
Christine Finnegan,"Business; Health, Lifestyle & Wellbeing; Leadership; Resilience; Sport; Storytelling",TAS (Hobart),Gender: Female
Christine Mudavanhu,Business; Diversity & Inclusion; Leadership; Master of Ceremonies (MCs) & Hosts; Storytelling,QLD (Brisbane),Gender: Female
"Christine Nixon AO, APM",Business; Diversity & Inclusion; Leadership; Politics & Law; Resilience; Virtual,VIC (Melbourne),Gender: Female
Christopher Voss,Business; Leadership; Politics & Law,International (USA),Gender: Male
Chyka Keebaugh,Business; Celebrity; Inspirational; Leadership,VIC (Melbourne),Gender: Female
Ciara Lancaster,Business; Leadership; Resilience; Team Building,NSW (Sydney),Gender: Female
Ciaran Gribbin,After Dinner Speakers; Inspirational; Motivational,NSW,Gender: Male
Cindy Pan,"Celebrity; Health, Lifestyle & Wellbeing; Master of Ceremonies (MCs) & Hosts",NSW,Gender: Female
Cindy Tien,Business; Inspirational; Leadership; Motivational; People & Culture,International (Singapore),Gender: Female
Cinzia Lee,"Health, Lifestyle & Wellbeing; Master of Ceremonies (MCs) & Hosts; Mental Health & Wellness; Motivational; Resilience",WA (Perth),Gender: Female
Claire Fabb,Business; Leadership; People & Culture; Social Trends & Current Affairs,NSW,Gender: Female
Claire Hooper,Celebrity; Master of Ceremonies (MCs) & Hosts; Virtual,VIC (Melbourne),Gender: Female
Claire Thomas,Business; Diversity & Inclusion; Leadership,NSW (Sydney),Gender: Female
Claire Woodley,,VIC,Gender: Female
Clara Chorley,Business; Inspirational; Leadership; Motivational; Team Building,International (USA),Gender: Female
Clare Bowditch,Business; Creativity & Innovation; Leadership; Master of Ceremonies (MCs) & Hosts; Mental Health & Wellness,VIC (Melbourne),Gender: Female
Clare Desira,"Business; Health, Lifestyle & Wellbeing; Leadership; Team Building",VIC (Melbourne),Gender: Female
Clare Feeney,Business; Creativity & Innovation; Economy & Finance; Environment & Climate Change; Sustainability,New Zealand (Auckland),Gender: Female
Clare Stephens,Mental Health & Wellness; Motivational; Social Media & Networking,NSW (Sydney),Gender: Female
Clifton Warren,Advertising & Marketing; Business; Master of Ceremonies (MCs) & Hosts,VIC,Gender: Male
Clint Paddison,Master of Ceremonies (MCs) & Hosts,NSW (Sydney),Gender: Male
Cody Simpson,Inspirational; Motivational; Sport,QLD (Gold Coast),Gender: Male
Coen Tan,Business; Mental Health & Wellness; Motivational; People & Culture; Storytelling,International (Asia; Singapore),Gender: Male
Col Cameron,Master of Ceremonies (MCs) & Hosts,VIC,Gender: Male
Colin James,Business; Leadership; Master of Ceremonies (MCs) & Hosts; Motivational; People & Culture; Virtual,VIC (Melbourne),Gender: Male
Colin Lane,Celebrity; Master of Ceremonies (MCs) & Hosts; Virtual,VIC (Melbourne),Gender: Male
Colleen Callander,Business; Leadership; People & Culture,VIC (Melbourne),Gender: Female
Conrad Humphreys,Adventurers; After Dinner Speakers; Business; Inspirational; Leadership; Motivational; People & Culture; Sport; Team Building,International (UK),Gender: Male
Corinne Ooms,"Adventurers; Food & Wine; Health, Lifestyle & Wellbeing; Inspirational; Leadership; Mental Health & Wellness",TAS (Hobart),Gender: Female
Corrinne Armour,Inspirational; Leadership; People & Culture; Team Building,VIC (Melbourne),Gender: Female
Costa Georgiadis,"Celebrity; Education; Health, Lifestyle & Wellbeing; Sustainability",NSW (Sydney),Gender: Male
Courtney Krulis,"Health, Lifestyle & Wellbeing; Leadership; Motivational; Team Building",NSW (Sydney),Gender: Female
Courtney Roulston,Food & Wine,NSW (Coogee),Gender: Female
Courtney Ugle,Indigenous Speakers; Inspirational; Mental Health & Wellness; Motivational; Resilience,VIC (Melbourne),Gender: Female
Coxy,After Dinner Speakers; Master of Ceremonies (MCs) & Hosts; Storytelling,VIC,Gender: Male
Craig Bellamy,"Business; Health, Lifestyle & Wellbeing; Leadership; Sport; Team Building",VIC (Melbourne),Gender: Male
Craig Foster AM,Celebrity; Diversity & Inclusion; Leadership; Motivational; Sport; Team Building; Virtual,NSW (Sydney),Gender: Male
Craig Hamilton,"Business; Health, Lifestyle & Wellbeing; Mental Health & Wellness; People & Culture",NSW (Newcastle),Gender: Male
Craig Harper,"Business; Health, Lifestyle & Wellbeing; Motivational; People & Culture",VIC,Gender: Male
Craig Hollywood,Creativity & Innovation; Mental Health & Wellness; Motivational; People & Culture; Team Building,WA (Perth),Gender: Male
Craig Lovett,Business; Leadership,VIC,Gender: Male
Craig McRae,Leadership; Motivational; Resilience; Sport; Team Building,VIC (Melbourne),Gender: Male
Craig Quartermaine,Indigenous Speakers; Master of Ceremonies (MCs) & Hosts; Media,QLD (Brisbane),Gender: Male
Craig Reucassel,Celebrity; Environment & Climate Change; Sustainability,NSW (Sydney),Gender: Male
Crescendo,Team Building,NSW,
Curtis McGrath OAM,Motivational; Sport,QLD (Gold Coast),Gender: Male
Curtis Stone,Celebrity; Food & Wine,International (USA),Gender: Male
Cyndi  O'Meara,"Health, Lifestyle & Wellbeing",QLD,Gender: Female
Cynthia Morton,"Diversity & Inclusion; Health, Lifestyle & Wellbeing; Inspirational; Mental Health & Wellness; Motivational; Politics & Law; Social Trends & Current Affairs",QLD,Gender: Female
Cynthia Zhai,Business; Leadership,International (Asia; Singapore),Gender: Female
Cyriel Kortleven,Business; Creativity & Innovation; Inspirational; Motivational,International (Belgium; Europe),Gender: Male
Daimien Patterson,Business; Leadership; Motivational,QLD (Brisbane),Gender: Male
Dalia Feldheim,"Advertising & Marketing; Business; Health, Lifestyle & Wellbeing; Leadership; Mental Health & Wellness; Resilience",International (Asia; Singapore),Gender: Female
Damien Fleming,Celebrity; Motivational; Sport; Storytelling,VIC,Gender: Male
Damien Hardwick,"Business; Health, Lifestyle & Wellbeing; Leadership; Sport; Team Building",QLD (Gold Coast),Gender: Male
Damien Leith,Virtual,NSW,Gender: Male
Damien Power,Master of Ceremonies (MCs) & Hosts; Virtual,QLD (Brisbane),Gender: Male
Damien Thomlinson,Business; Diversity & Inclusion; Inspirational; Master of Ceremonies (MCs) & Hosts; Military; Motivational; People & Culture; Resilience; Social Trends & Current Affairs,NSW (Sydney),Gender: Male
Dan Collins,Business; Motivational; People & Culture; Sport,NSW (Sydney),Gender: Male
Dan Gregory,Advertising & Marketing; Business; Creativity & Innovation; Virtual,VIC (Melbourne),Gender: Male
Dan Sims,Food & Wine,VIC,Gender: Male
Dana Vulin,"Health, Lifestyle & Wellbeing; Inspirational; Motivational; Resilience",WA,Gender: Female
Daniel Bull,Adventurers; Business; Inspirational; Motivational; Sport,VIC (Melbourne),Gender: Male
Daniel Connell,Master of Ceremonies (MCs) & Hosts,VIC (Melbourne),Gender: Male
Daniel Flynn,Business; Creativity & Innovation; Inspirational; Leadership; Social Trends & Current Affairs; Storytelling; Team Building,QLD (Sunshine Coast),Gender: Male
Daniel Kowalski OAM,Celebrity; Diversity & Inclusion; Inspirational; Master of Ceremonies (MCs) & Hosts; Mental Health & Wellness; Motivational; Sport,NSW (Sydney),Gender: Male
Daniel MacPherson,Celebrity; Master of Ceremonies (MCs) & Hosts,VIC (Melbourne),Gender: Male
Daniel Sih,"Business; Education; Health, Lifestyle & Wellbeing; Technology, Future & Innovation",TAS (Hobart),Gender: Male
Daniel Walker,Diversity & Inclusion; Leadership; Motivational; Resilience; Team Building,NSW (Byron Bay),Gender: Male
Danielle Kettlewell OLY,"Health, Lifestyle & Wellbeing; Inspirational; Mental Health & Wellness; Motivational; Sport",WA (Perth),Gender: Female
Danielle Laidley,Diversity & Inclusion; Education; People & Culture; Resilience,WA (Perth),Gender: Female
Dannii Minogue,Celebrity,VIC (Melbourne),Gender: Female
Dara Simkin,Business; Creativity & Innovation; Leadership; People & Culture,VIC (Melbourne),Gender: Female
Darius Boyd,Mental Health & Wellness; Resilience; Sport,QLD (Brisbane),Gender: Male
Darrell Hardidge,Business,VIC (Melbourne),Gender: Male
Darren Flanagan,"Adventurers; Business; Health, Lifestyle & Wellbeing; Inspirational; Leadership; Mental Health & Wellness; Motivational; Team Building",NSW (Nowra),Gender: Male
Darren Fleming,Business; Leadership; Master of Ceremonies (MCs) & Hosts; People & Culture; Team Building,SA (Adelaide),Gender: Male
Darren Gorelick,"AI; Business; Creativity & Innovation; Technology, Future & Innovation",VIC (Melbourne),Gender: Male
Darren Higgins,"Health, Lifestyle & Wellbeing; Indigenous Speakers; Leadership; Mental Health & Wellness; Motivational; Resilience; Sport; Storytelling",NSW (Sydney),Gender: Male
Darren Isenberg,Business; Inspirational; Master of Ceremonies (MCs) & Hosts; Motivational; Team Building,NSW (Sydney),Gender: Male
Darren McMullen,Celebrity; Media,NSW (Sydney),Gender: Male
Darren Sanders,Master of Ceremonies (MCs) & Hosts,NSW (Sydney),Gender: Male
Darren Shand ONZM,After Dinner Speakers; Business; Inspirational; Leadership; Motivational; People & Culture; Sport; Team Building,New Zealand (Christchurch),Gender: Male
Darryl Lovegrove,Business; Motivational,NSW,Gender: Male
Daryl Elliott Green,"Health, Lifestyle & Wellbeing; Inspirational; Leadership; Motivational; Storytelling",QLD (Brisbane),Gender: Male
Dave Hughes,Celebrity; Virtual,VIC,Gender: Male
Dave O'Neil,Celebrity; Virtual,VIC (Melbourne),Gender: Male
Dave Thornton,Celebrity; Virtual,VIC (Melbourne),Gender: Male
David  Penglase,Business; Resilience,NSW (Sydney),Gender: Male
David Allison,"Business; Creativity & Innovation; Social Trends & Current Affairs; Technology, Future & Innovation",International (Canada),Gender: Male
David Arnfield,Inspirational; Motivational; Sport; Team Building,QLD,Gender: Male
David Avrin,Business; Virtual,International (USA),Gender: Male
David Bartlett,"Business; Creativity & Innovation; Politics & Law; Technology, Future & Innovation",TAS (Hobart),Gender: Male
David Boon MBE,Celebrity; Sport,TAS,Gender: Male
David Bott,"Education; Health, Lifestyle & Wellbeing; Master of Ceremonies (MCs) & Hosts; Mental Health & Wellness",VIC (Melbourne),Gender: Male
David Boyar,"Business; Leadership; Media; Technology, Future & Innovation; Virtual",QLD (Brisbane),Gender: Male
David Campbell,Celebrity,NSW (Sydney),Gender: Male
David Campese,Inspirational; Motivational; Sport,QLD (Gold Coast),Gender: Male
David Chiem,Business; Creativity & Innovation; Education; Leadership,International (Asia; Singapore),Gender: Male
David Coulthard,Diversity & Inclusion; Motivational; Resilience; Sport,International (UK),Gender: Male
David Foster OAM,Celebrity; Motivational; Sport,TAS,Gender: Male
David Galbally AM QC,Business; Politics & Law,VIC (Melbourne),Gender: Male
David Hickie,Business; Leadership; Media,NSW,Gender: Male
David Jaffe,After Dinner Speakers; Business,VIC,Gender: Male
David Koch AM,Business; Celebrity; Economy & Finance; Master of Ceremonies (MCs) & Hosts,NSW (Sydney),Gender: Male
David Koutsoukis,Leadership; Team Building,WA,Gender: Male
David Lim,Adventurers; Business; Inspirational; Leadership; Motivational; Sport; Team Building,International (Asia; Singapore),Gender: Male
David Mead,Business; Inspirational; Leadership; People & Culture; Team Building,International (USA),Gender: Male
David Murray AO,Economy & Finance,NSW (Sydney),Gender: Male
David Parkin OAM,"Business; Health, Lifestyle & Wellbeing; Leadership; Motivational; Sport; Team Building",VIC (Melbourne),Gender: Male
David Peachey,Leadership; Sport,NSW (Sydney),Gender: Male
David Rohrsheim,After Dinner Speakers; Business; Motivational,NSW,Gender: Male
David Smorgon OAM,Business; Leadership,VIC,Gender: Male
David Speers,Business; Celebrity; Leadership; Media; Politics & Law,VIC (Melbourne),Gender: Male
David Staughton,Business; Intergenerational Influencers; Leadership; Motivational; Social Trends & Current Affairs; Team Building; Virtual,VIC (Melbourne),Gender: Male
David Thomas,Business; World Affairs,NSW,Gender: Male
David Woiwod,Master of Ceremonies (MCs) & Hosts; Media; Social Trends & Current Affairs,NSW (Sydney),Gender: Male
Dawn Fraser AO MBE,Celebrity; Sport,QLD (Sunshine Coast),Gender: Female
Daymond John,"Business; Diversity & Inclusion; Health, Lifestyle & Wellbeing; Motivational",International (USA),Gender: Male
Dean Boxall,Inspirational; Leadership; Motivational; Resilience; Sport; Team Building,QLD (Brisbane),Gender: Male
Dean McSporran,"Health, Lifestyle & Wellbeing; Inspirational; Mental Health & Wellness; Motivational; Resilience",NSW (Wollongong),Gender: Male
Dean Yates,"After Dinner Speakers; Business; Health, Lifestyle & Wellbeing; Inspirational; Leadership; Mental Health & Wellness",TAS (Launceston),Gender: Male
Deane Hutton,"After Dinner Speakers; Authors; Business; Celebrity; Creativity & Innovation; Environment & Climate Change; Master of Ceremonies (MCs) & Hosts; Technology, Future & Innovation",SA (Adelaide),Gender: Male
Deb Farnworth Wood,Business; Intergenerational Influencers; Leadership,QLD (Gold Coast),Gender: Female
Debbie Mayo-Smith,"Advertising & Marketing; Business; Creativity & Innovation; Leadership; People & Culture; Social Media & Networking; Technology, Future & Innovation",New Zealand (Auckland),Gender: Female
Debora Krizak,,NSW,Gender: Female
Deborah Hutton,"Business; Celebrity; Health, Lifestyle & Wellbeing; Leadership; Master of Ceremonies (MCs) & Hosts; People & Culture",NSW (Sydney),Gender: Female
Deborah Knight,Celebrity; Economy & Finance; Master of Ceremonies (MCs) & Hosts,NSW (Sydney),Gender: Female
Deborah Thomas,"Advertising & Marketing; Business; Celebrity; Health, Lifestyle & Wellbeing; Leadership; Media",NSW,Gender: Female
Dee Madigan,Business; Celebrity; Creativity & Innovation; Master of Ceremonies (MCs) & Hosts,NSW (Sydney),Gender: Female
Del Irani,World Affairs,VIC (Melbourne),Gender: Female
Deng Adut,Diversity & Inclusion; Inspirational; Military; Motivational; People & Culture; Politics & Law,NSW (Sydney),Gender: Male
Denise Drysdale,Celebrity; Master of Ceremonies (MCs) & Hosts,QLD (Gold Coast),Gender: Female
Denise Lee Yohn,Business; Leadership; People & Culture,International (USA),Gender: Female
Denise Scott,Virtual,VIC (Melbourne),Gender: Female
Derek Percival,"Business; Health, Lifestyle & Wellbeing; Leadership; Master of Ceremonies (MCs) & Hosts; People & Culture; Team Building",QLD (Sunshine Coast),Gender: Male
Dermott Brereton,Celebrity; Leadership; Sport,VIC (Melbourne),Gender: Male
Derrick McManus,Business; Inspirational; Leadership; Master of Ceremonies (MCs) & Hosts; Motivational; Team Building,SA,Gender: Male
Di Darmody,Celebrity; Master of Ceremonies (MCs) & Hosts,WA (Perth),Gender: Female
Di McDonald,"Business; Health, Lifestyle & Wellbeing; Intergenerational Influencers; People & Culture",VIC (Melbourne),Gender: Female
Diana Taylor AM,Business; Leadership; Motivational; Sport; Team Building,VIC (Melbourne),Gender: Female
Diane Smith-Gander AO,Business; Leadership,WA (Perth),Gender: Female
Dick Johnson,Celebrity; Motivational; Sport,QLD (Brisbane),Gender: Male
Dietmar Dahmen,"AI; Business; Creativity & Innovation; Leadership; Social Media & Networking; Sustainability; Technology, Future & Innovation",International (Vienna),Gender: Male
Dilruk Jayasinha,Master of Ceremonies (MCs) & Hosts,VIC (Melbourne),Gender: Male
Dinaaz Lentin,"Health, Lifestyle & Wellbeing; Inspirational; Leadership; Motivational; Team Building",NSW (Sydney),Gender: Female
Dion Devow,"Business; Creativity & Innovation; Diversity & Inclusion; Health, Lifestyle & Wellbeing; Indigenous Speakers; Inspirational",ACT (Canberra),Gender: Male
Dionne Lew,Advertising & Marketing; Business; Creativity & Innovation; Leadership; Social Media & Networking,VIC,Gender: Female
Dirk Ahlborn,"Business; Creativity & Innovation; Technology, Future & Innovation",International (USA),Gender: Male
Div Pillay,Business; Diversity & Inclusion; Inspirational; Leadership; People & Culture,VIC (Melbourne),Gender: Female
DivasInc,,VIC,Gender: Female
Divya Dhingra,"Health, Lifestyle & Wellbeing; Master of Ceremonies (MCs) & Hosts; Motivational; People & Culture; Social Media & Networking",NSW (Sydney),Gender: Female
Dom Chambers,Master of Ceremonies (MCs) & Hosts,VIC (Melbourne),Gender: Male
Dominic Thurbon,"Business; Creativity & Innovation; Intergenerational Influencers; Leadership; Social Trends & Current Affairs; Team Building; Technology, Future & Innovation",NSW (Sydney),Gender: Male
Domonique Bertolucci,"Business; Health, Lifestyle & Wellbeing; Leadership; Mental Health & Wellness; Motivational; Resilience",NSW (Sydney),Gender: Female
Don Elgin,Authors; Diversity & Inclusion; Inspirational; Motivational; Resilience; Sport,VIC (Melbourne),Gender: Male
Don Meij,Business; Food & Wine; Leadership,QLD,Gender: Male
Don Watson,Master of Ceremonies (MCs) & Hosts; Media; Politics & Law; World Affairs,VIC (Melbourne),Gender: Male
Donna McGeorge,"After Dinner Speakers; Business; Health, Lifestyle & Wellbeing; Leadership; Master of Ceremonies (MCs) & Hosts; People & Culture; Team Building; Virtual",QLD (Brisbane),Gender: Female
Donny Galella,"Health, Lifestyle & Wellbeing; Inspirational",NSW,Gender: Male
Dorinda Hafner,Business; Celebrity; Food & Wine; Social Trends & Current Affairs,SA,Gender: Female
Doug Chappel,"Health, Lifestyle & Wellbeing; Inspirational; Master of Ceremonies (MCs) & Hosts",VIC (Melbourne),Gender: Male
Doug Flockhart,"Business; Leadership; Technology, Future & Innovation",QLD (Brisbane),Gender: Male
Douglas Coupland,"After Dinner Speakers; Creativity & Innovation; Inspirational; Intergenerational Influencers; Social Trends & Current Affairs; Technology, Future & Innovation",International (Canada),Gender: Male
Dr Adam Beard,"Business; Health, Lifestyle & Wellbeing; Leadership; Motivational; Sport",WA (Perth),Gender: Male
Dr Adam Fraser,"Business; Health, Lifestyle & Wellbeing; Motivational",NSW (Sydney),Gender: Male
Dr Alan D. Thompson,"AI; Business; Creativity & Innovation; Inspirational; Master of Ceremonies (MCs) & Hosts; Technology, Future & Innovation",SA (Adelaide),Gender: Male
Dr Ali Walker,"Business; Health, Lifestyle & Wellbeing; Leadership; Team Building; Virtual",NSW (Sydney),Gender: Female
Dr Alice MacKinnon (PhD),"Health, Lifestyle & Wellbeing; Master of Ceremonies (MCs) & Hosts; Mental Health & Wellness; Resilience",QLD (Brisbane),Gender: Female
Dr Amantha Imber,Business; Creativity & Innovation; Master of Ceremonies (MCs) & Hosts,VIC (Melbourne),Gender: Female
Dr Amy Chahal,"Business; Health, Lifestyle & Wellbeing",NSW (Sydney),Gender: Female
Dr Andrew Rochford,"Education; Health, Lifestyle & Wellbeing; Master of Ceremonies (MCs) & Hosts; Media; Mental Health & Wellness; Virtual",NSW,Gender: Male
Dr Anika Molesworth,Business; Environment & Climate Change; Inspirational; Intergenerational Influencers; Leadership; Motivational; Sustainability; Virtual,NSW (Broken Hill),Gender: Female
Dr Ann O'Neill AO,Inspirational; Mental Health & Wellness; Motivational,WA (Perth),Gender: Female
Dr Anne Summers AO,Business; Master of Ceremonies (MCs) & Hosts; World Affairs,NSW (Sydney),Gender: Female
Dr Anyier Yuol,Diversity & Inclusion; Leadership; Motivational,NSW (Sydney),Gender: Female
Dr Ayesha Khanna,"AI; Business; Leadership; Technology, Future & Innovation",International (Asia; Singapore),Gender: Female
Dr Ben Bravery,"Education; Health, Lifestyle & Wellbeing; Inspirational; Mental Health & Wellness; Motivational; Resilience",NSW (Sydney),Gender: Male
Dr Bernadette Boss CSC,Diversity & Inclusion; Leadership; Military; World Affairs,ACT (Canberra),Gender: Female
Dr Brian Goldman,"Health, Lifestyle & Wellbeing; Intergenerational Influencers; Mental Health & Wellness",International (Canada),Gender: Male
Dr Bronwyn King AO,"Business; Education; Health, Lifestyle & Wellbeing; Inspirational; Leadership; Motivational; Social Trends & Current Affairs",VIC (Melbourne),Gender: Female
Dr Catherine Ball,"AI; Business; Creativity & Innovation; Environment & Climate Change; Technology, Future & Innovation",International (Singapore),Gender: Female
Dr Catriona Wallace,"AI; Business; Leadership; Technology, Future & Innovation",NSW (Sydney),Gender: Female
Dr Chadden Hunter,Adventurers; After Dinner Speakers; Environment & Climate Change; Inspirational; Motivational; Sustainability; Virtual,QLD (Brisbane),Gender: Male
Dr Claire Madden,Business; Creativity & Innovation; Intergenerational Influencers; Social Trends & Current Affairs,NSW (Sydney),Gender: Female
Dr Colm Flanagan,"After Dinner Speakers; AI; Business; Creativity & Innovation; Technology, Future & Innovation",NSW (Sydney),Gender: Male
Dr Craig Challen SC OAM,Inspirational; Leadership; Motivational; Resilience; Team Building,WA (Perth),Gender: Male
Dr David Cropley,"Business; Creativity & Innovation; Education; Technology, Future & Innovation",SA (Adelaide),Gender: Male
Dr David Suzuki CC OBC,"Environment & Climate Change; Technology, Future & Innovation",International (Canada),Gender: Male
Dr Dianne McGrath,Adventurers; Business; Leadership; Motivational; Sport; Sustainability,ACT (Canberra),Gender: Female
Dr Dinesh Palipana OAM,"Diversity & Inclusion; Education; Health, Lifestyle & Wellbeing; Inspirational; Mental Health & Wellness; Motivational; People & Culture; Politics & Law; Resilience; Technology, Future & Innovation",QLD (Gold Coast),Gender: Male
Dr Don Stammer,"Business; Economy & Finance; Technology, Future & Innovation",NSW,Gender: Male
Dr Edward Hoffman Ph.D,Business; Leadership,International (USA),Gender: Male
Dr Elise Bialylew,"Business; Health, Lifestyle & Wellbeing; Inspirational; Leadership; Mental Health & Wellness; Resilience",VIC (Melbourne),Gender: Female
Dr Erin Watson,Business; Economy & Finance; Master of Ceremonies (MCs) & Hosts; World Affairs,VIC (Melbourne),Gender: Female
Dr Fiona Kerr,"AI; Business; Creativity & Innovation; Leadership; Technology, Future & Innovation",SA (Adelaide),Gender: Female
Dr Frank Hagenow,Business; Leadership; People & Culture,International (Germany),Gender: Male
Dr Gaia Grant (PhD),"Business; Creativity & Innovation; Leadership; People & Culture; Team Building; Technology, Future & Innovation",NSW (Sydney),Gender: Female
Dr Gav Schneider,"Business; Education; Health, Lifestyle & Wellbeing; Leadership",QLD (Brisbane),Gender: Male
Dr Gemma Munro,Business; Creativity & Innovation; Diversity & Inclusion; Leadership; Motivational,SA (Adelaide),Gender: Female
Dr Gill Hicks AM MBE,Business; Inspirational; Motivational; Resilience,International; SA (Adelaide; UK),Gender: Female
Dr Glen Richards,Business; Leadership; Motivational; Virtual,QLD (Brisbane),Gender: Male
Dr Harry Cooper OAM,Celebrity,NSW,Gender: Male
Dr Hayley North,Business; Education; Master of Ceremonies (MCs) & Hosts; Mental Health & Wellness; Resilience; Sport,NSW (Sydney),Gender: Female
Dr Helena Popovic,"Health, Lifestyle & Wellbeing; Motivational",QLD,Gender: Female
Dr Jacinta Di Prinzio and Dr Andrina Chien,"Business; Health, Lifestyle & Wellbeing; Inspirational; Leadership; Motivational",WA (Perth),Gender: Female
Dr James Muecke AM,Business,SA,Gender: Male
Dr Jason Fox,"Business; Creativity & Innovation; Leadership; Motivational; Technology, Future & Innovation",VIC,Gender: Male
Dr Jeanette Epps,"Leadership; Resilience; Team Building; Technology, Future & Innovation",International (USA),Gender: Female
Dr Jenny Brockis,"Authors; Business; Health, Lifestyle & Wellbeing; People & Culture; Social Trends & Current Affairs",WA (Perth),Gender: Female
Dr Jessica Gallagher,"Diversity & Inclusion; Health, Lifestyle & Wellbeing; Inspirational; Leadership; Motivational; Sport",VIC (Melbourne),Gender: Female
Dr Joanna McMillan,"Authors; Celebrity; Health, Lifestyle & Wellbeing; Master of Ceremonies (MCs) & Hosts",NSW (Sydney),Gender: Female
Dr Jodi Richardson,"Business; Education; Health, Lifestyle & Wellbeing; Mental Health & Wellness; Motivational; People & Culture; Virtual",VIC (Melbourne),Gender: Female
Dr Jodie Lowinger,"Business; Education; Health, Lifestyle & Wellbeing; Inspirational; Leadership; Mental Health & Wellness; Motivational; People & Culture; Resilience; Team Building",NSW (Sydney),Gender: Female
Dr John Hewson,Business; Economy & Finance; Leadership; Politics & Law,NSW,Gender: Male
Dr John Ryan McLane,Adventurers; Environment & Climate Change; Leadership; Master of Ceremonies (MCs) & Hosts; Politics & Law; World Affairs,New Zealand (Wellington),Gender: Male
Dr Joseph Michelli,Business; Creativity & Innovation; Leadership,International (USA),Gender: Male
Dr Josie McLean,Business; Creativity & Innovation; Environment & Climate Change; Leadership; People & Culture; Sustainability,SA (Adelaide),Gender: Female
Dr Juliette Tobias-Webb,"Business; Diversity & Inclusion; Health, Lifestyle & Wellbeing; Leadership; Technology, Future & Innovation",NSW (Sydney),Gender: Female
Dr Justin Coulson,"Health, Lifestyle & Wellbeing; Leadership; People & Culture; Team Building; Virtual",QLD (Sunshine Coast),Gender: Male
Dr Kate Raynes-Goldie,AI; Business; Creativity & Innovation; Leadership; Mental Health & Wellness; Motivational; People & Culture; Resilience; Team Building,WA (Perth),Gender: Female
Dr Katherine Iscoe,"Business; Education; Health, Lifestyle & Wellbeing; Inspirational; Leadership; Motivational; People & Culture",International (Dubai),Gender: Female
Dr Kevin Fong,"Business; Creativity & Innovation; Leadership; Resilience; Team Building; Technology, Future & Innovation",International (UK),Gender: Male
Dr Kirstin Ferguson AM,Business; Diversity & Inclusion; Leadership; Motivational,QLD (Brisbane),Gender: Female
Dr Kristin Alford,"Business; Creativity & Innovation; Environment & Climate Change; Leadership; Social Trends & Current Affairs; Technology, Future & Innovation",SA (Adelaide),Gender: Female
Dr Kylie Moore-Gilbert,Inspirational; Motivational; Resilience; World Affairs,VIC (Melbourne),Gender: Female
Dr Larissa Bartlett,"After Dinner Speakers; Business; Health, Lifestyle & Wellbeing; Leadership",TAS (Hobart),Gender: Female
Dr Leanne Elich,Business; Leadership,NSW (Sydney),Gender: Female
Dr Leslie Cannold,"Authors; Creativity & Innovation; Master of Ceremonies (MCs) & Hosts; Media; People & Culture; Social Media & Networking; Social Trends & Current Affairs; Technology, Future & Innovation",VIC (Melbourne),Gender: Female
Dr Libby Weaver,"Business; Education; Health, Lifestyle & Wellbeing; Inspirational; Leadership; Motivational",QLD (Brisbane),Gender: Female
Dr Lila Landowski,"Business; Education; Health, Lifestyle & Wellbeing; Leadership; Mental Health & Wellness",TAS (Hobart),Gender: Female
Dr Linda Friedland,"After Dinner Speakers; Health, Lifestyle & Wellbeing; Leadership; Media",WA,Gender: Female
Dr Linda Yueh,"Business; Economy & Finance; Media; Technology, Future & Innovation; World Affairs",International (UK),Gender: Female
Dr Liz,Business; Diversity & Inclusion; Inspirational; People & Culture,International (USA),Gender: Female
Dr Lloyd Vogelman,Business; Inspirational; Leadership; Master of Ceremonies (MCs) & Hosts; Motivational; People & Culture,NSW (Sydney),Gender: Male
Dr Louise Mahler,"Education; Health, Lifestyle & Wellbeing; Inspirational; Leadership; Motivational; Virtual",VIC (Melbourne),Gender: Female
Dr Marc Faber,"Economy & Finance; Technology, Future & Innovation; World Affairs",International (Asia; Thailand),Gender: Male
Dr Marcus Collins,Advertising & Marketing; Business; Diversity & Inclusion; Storytelling,International (USA),Gender: Male
Dr Margie Warrell,Business; Inspirational; Leadership; Motivational; Resilience,International (USA),Gender: Female
Dr Mark van Rijmenam,"AI; Business; Creativity & Innovation; Technology, Future & Innovation",NSW (Sydney),Gender: Male
Dr Matt Agnew,"AI; Education; Technology, Future & Innovation",VIC (Melbourne),Gender: Male
Dr Melissa O'Shea,"Health, Lifestyle & Wellbeing; Mental Health & Wellness",WA (Perth),Gender: Female
Dr Michael Time,"Business; Health, Lifestyle & Wellbeing; Leadership; Resilience; Sport",International (Washington DC),
Dr Neryl East,Business; Leadership; Master of Ceremonies (MCs) & Hosts; Media,NSW (Sydney),Gender: Female
Dr Nicholas Gruen,Business; Creativity & Innovation; Economy & Finance; Media; Politics & Law; Social Media & Networking; World Affairs,VIC (Melbourne),Gender: Male
Dr Nici Sweaney,"AI; Business; Education; Leadership; Technology, Future & Innovation",NSW (Sydney),Gender: Female
Dr Nick Bontis,Business; Leadership; Motivational; People & Culture; Team Building,International (Canada),Gender: Male
Dr Norman Swan,"After Dinner Speakers; Health, Lifestyle & Wellbeing; Master of Ceremonies (MCs) & Hosts; Media; Mental Health & Wellness; Technology, Future & Innovation",NSW,Gender: Male
Dr Olivia Ong,"Business; Health, Lifestyle & Wellbeing; Inspirational; Motivational; Resilience",VIC (Melbourne),Gender: Female
Dr Parag  Khanna,"Business; Economy & Finance; Social Trends & Current Affairs; Technology, Future & Innovation",International (Asia; Singapore),Gender: Male
Dr Peter Larkins,"Health, Lifestyle & Wellbeing; Sport",VIC,Gender: Male
Dr Phil Jauncey,Business; Leadership; Motivational; People & Culture; Sport; Team Building,QLD (Brisbane),Gender: Male
Dr Philip Merry,Business; Diversity & Inclusion; Leadership; People & Culture; Resilience; Team Building,International (Asia; Singapore),Gender: Male
"Dr Rebecca Chabot, PhD","Business; Health, Lifestyle & Wellbeing; Inspirational; Leadership; Mental Health & Wellness; Motivational; Resilience",TAS (Hobart),Gender: Female
Dr Rebecca Huntley,Business; Environment & Climate Change; Intergenerational Influencers; Social Trends & Current Affairs,NSW (Sydney),Gender: Female
Dr Rebecca Ray,Business; Inspirational; Leadership; Mental Health & Wellness; Motivational; Sport,QLD (Sunshine Coast),Gender: Female
Dr Ric Charlesworth AO,Business; Celebrity; Inspirational; Motivational; Sport; Team Building,WA (Perth),Gender: Male
Dr Richard Chambers,"Business; Health, Lifestyle & Wellbeing; Leadership; Mental Health & Wellness; Resilience",VIC (Melbourne),Gender: Male
Dr Richard Hames,"Business; Creativity & Innovation; Leadership; Technology, Future & Innovation; Virtual",International (Bangkok),Gender: Male
Dr Richard Harris SC OAM,Inspirational; Leadership; Motivational; Resilience; Sport; Team Building,SA (Adelaide),Gender: Male
Dr Robert Cialdini,Advertising & Marketing; Business; Leadership,International (USA),Gender: Male
Dr Ross Honeywill,"Business; Intergenerational Influencers; Social Trends & Current Affairs; Technology, Future & Innovation",VIC (Melbourne),Gender: Male
Dr Ross Walker,"Business; Health, Lifestyle & Wellbeing; Leadership; Virtual",NSW (Sydney),Gender: Male
Dr Sally Cockburn,"Celebrity; Education; Health, Lifestyle & Wellbeing; Virtual",VIC (Melbourne),Gender: Female
Dr Scott Parazynski MD,"Adventurers; After Dinner Speakers; Inspirational; Leadership; Motivational; Technology, Future & Innovation",International (USA),Gender: Male
Dr Stacey Ashley CSP,Business; Leadership; Resilience,NSW (Sydney),Gender: Female
Dr Stephen Brown,Business; Education; Leadership,QLD (Brisbane),Gender: Male
Dr Susan Carland,Diversity & Inclusion; Inspirational; Leadership; Social Trends & Current Affairs,VIC (Melbourne),Gender: Female
Dr Susan David,Business; People & Culture; Resilience; Team Building,International (Cambridge; Massachusetts; USA),Gender: Female
Dr Tammie Matson,Adventurers; Environment & Climate Change; Inspirational; Leadership; Motivational,QLD (Cairns),Gender: Female
Dr Tanvi Gautam,Business; Leadership; Storytelling,International (Singapore),Gender: Female
Dr Tim Baker,"Adventurers; Health, Lifestyle & Wellbeing; Inspirational; Media; Sport; Storytelling",VIC (Melbourne),Gender: Male
Dr Tim Sharp,"Business; Health, Lifestyle & Wellbeing; Intergenerational Influencers; Mental Health & Wellness; Motivational",NSW (Sydney),Gender: Male
Dr Troye Wallett,"Business; Health, Lifestyle & Wellbeing; Intergenerational Influencers; Leadership; Motivational; People & Culture",SA (Adelaide),Gender: Male
Dr Vin Gupta MD MPA,"Business; Health, Lifestyle & Wellbeing; Military; Technology, Future & Innovation",International (USA),Gender: Male
Dr Vyom Sharma,"Creativity & Innovation; Diversity & Inclusion; Health, Lifestyle & Wellbeing; Master of Ceremonies (MCs) & Hosts; Media; Mental Health & Wellness",VIC (Melbourne),Gender: Male
Dr Wendy Sarkissian,"Business; Social Trends & Current Affairs; Technology, Future & Innovation",International (Canada),Gender: Female
Dr Wesley Payne McClendon,"Business; Creativity & Innovation; Diversity & Inclusion; Education; Leadership; Technology, Future & Innovation; Virtual",VIC (Torquay),Gender: Male
Dr William Tan,Diversity & Inclusion; Inspirational; Mental Health & Wellness; Motivational; Resilience; Sport,International (Asia; Singapore),Gender: Male
Dr Yemi Penn,Diversity & Inclusion; Inspirational; Leadership; Mental Health & Wellness; People & Culture; Resilience,NSW (Sydney),Gender: Female
Dr. JP Pawliw-Fry,Business; Leadership; Motivational; Resilience,International (USA),Gender: Male
Dr. Taryn Marie Stejskal,"Business; Health, Lifestyle & Wellbeing; Leadership; Mental Health & Wellness; Resilience",International (USA),Gender: Female
Drew Ambrose,Diversity & Inclusion; Leadership; Media; Politics & Law; Social Trends & Current Affairs; Storytelling,NSW (Sydney),Gender: Male
Duncan Chessell,Adventurers; Environment & Climate Change; Inspirational; Motivational; Team Building,SA (Adelaide),Gender: Male
Duncan Wardle,Advertising & Marketing; Business; Creativity & Innovation; Leadership,International (USA),Gender: Male
Dusty Feet Mob,Indigenous Speakers; People & Culture,SA (Adelaide; Port Douglas),
Dylan Alcott AO,Authors; Celebrity; Diversity & Inclusion; Inspirational; Motivational; Resilience; Sport; Team Building; Virtual,VIC (Melbourne),Gender: Male
Ed Kavalee,Master of Ceremonies (MCs) & Hosts,VIC (Melbourne),Gender: Male
Ed St John,Advertising & Marketing; Business; Leadership,NSW,Gender: Male
Ed Stafford,Inspirational; Leadership; Motivational,International (UK),Gender: Male
Eddie McGuire AM,Celebrity; Economy & Finance; Master of Ceremonies (MCs) & Hosts; Media; Sport,VIC (Melbourne),Gender: Male
Edgar Perez,"AI; Business; Creativity & Innovation; Economy & Finance; Technology, Future & Innovation; World Affairs",International (USA),Gender: Male
Effie Zahos,Business; Celebrity; Economy & Finance; Media,NSW (Sydney),Gender: Female
Eliane Miles,AI; Business; Leadership,,Gender: Female
Elka Whalan (nee Graham),Motivational; Sport,NSW (Sydney),Gender: Female
Elle Halliwell,"Celebrity; Education; Health, Lifestyle & Wellbeing; Inspirational; Master of Ceremonies (MCs) & Hosts; Motivational; Resilience",NSW (Sydney),Gender: Female
Elle Macpherson,"Business; Celebrity; Health, Lifestyle & Wellbeing; Leadership; Master of Ceremonies (MCs) & Hosts; Media; Motivational",International (UK),Gender: Female
Ellen Fanning,Celebrity; Master of Ceremonies (MCs) & Hosts; Media,QLD (Brisbane),Gender: Female
Ellia Green OAM,Diversity & Inclusion,NSW (Little Bay),Gender: Male
Ellie Cole AM,Diversity & Inclusion; Master of Ceremonies (MCs) & Hosts; Sport,NSW (Sydney),Gender: Female
Elly Desmarchelier,Diversity & Inclusion; Leadership; Media; Motivational; Politics & Law; Resilience,QLD (Brisbane),Gender: Female
Elspeth Hussey,Celebrity; Master of Ceremonies (MCs) & Hosts; Media,SA (Adelaide),Gender: Female
Elvis Martin,After Dinner Speakers; Diversity & Inclusion; Inspirational; Leadership; Mental Health & Wellness; Storytelling,VIC (Melbourne),Gender: Male
Emanuel Perdis,Business; Inspirational,NSW,Gender: Male
Emeritus Professor Gary Martin,Business; Diversity & Inclusion; Inspirational; Leadership; People & Culture; Social Trends & Current Affairs,WA (Perth),Gender: Male
Emilio De Stefano,Business; Creativity & Innovation; Inspirational; Intergenerational Influencers; Leadership; Motivational,SA,Gender: Male
Emily Joy,Virtual,WA (Perth),Gender: Female
Emily Sanzaro,Creativity & Innovation; Inspirational; Storytelling,TAS (Launceston),Gender: Female
Emily Somers,Business; Inspirational; Mental Health & Wellness; Motivational; Resilience,VIC (Melbourne),Gender: Female
Emma Carney,Inspirational; Leadership; Motivational; Sport; Virtual,VIC,Gender: Female
Emma Donaldson,Leadership; Military; Resilience,NSW (Sydney),Gender: Female
Emma Edwards,Business; Economy & Finance; Mental Health & Wellness; Motivational; Social Media & Networking,VIC (Melbourne),Gender: Female
Emma Grey,"Business; Health, Lifestyle & Wellbeing; Intergenerational Influencers; Motivational; People & Culture",ACT,Gender: Female
Emma Hannigan,Business; Celebrity; Creativity & Innovation; Leadership; Master of Ceremonies (MCs) & Hosts; Storytelling,QLD (Brisbane),Gender: Female
Emma Isaacs,Business,NSW (Sydney),Gender: Female
Emma Murray,"After Dinner Speakers; Business; Education; Health, Lifestyle & Wellbeing; Inspirational; Motivational; Resilience; Sport",VIC (Melbourne),Gender: Female
Emmanuel Kelly,Resilience,VIC (Melbourne),Gender: Male
Erchana Murray-Bartlett,Adventurers; Environment & Climate Change; Inspirational; Motivational; Resilience; Sport,QLD (Gold Coast),Gender: Female
Eric Bailey,"Health, Lifestyle & Wellbeing; Inspirational; Motivational; People & Culture; Sport",QLD (Brisbane; Carina),Gender: Male
Eric Campbell,Environment & Climate Change; Media; People & Culture; Resilience; Social Trends & Current Affairs; Storytelling; Sustainability; World Affairs,NSW (Sydney),Gender: Male
Eric Feng,Business; Creativity & Innovation; Social Media & Networking,International (Singapore),Gender: Male
Eric O'Neill,"Technology, Future & Innovation",International (USA),Gender: Male
Eric Philips,Adventurers,TAS,Gender: Male
Eric Rush,After Dinner Speakers; Business; Inspirational; Leadership; Motivational; Sport; Storytelling; Team Building,New Zealand (Auckland),Gender: Male
Erica Orange,"Business; Creativity & Innovation; Leadership; Technology, Future & Innovation",International (Canada),Gender: Female
Erik Wahl,After Dinner Speakers; Business; Storytelling,International (USA),Gender: Male
Erika Cramer,Business; Leadership; Mental Health & Wellness; Motivational,VIC (Melbourne),Gender: Female
Erin Molan,Celebrity; Master of Ceremonies (MCs) & Hosts; Virtual,NSW (Sydney),Gender: Female
Erin Phillips OAM,"Diversity & Inclusion; Health, Lifestyle & Wellbeing; Leadership; Sport",SA (Adelaide),Gender: Female
Eva Cox,Diversity & Inclusion; Social Trends & Current Affairs,NSW (Sydney),Gender: Female
Evan Lucas,Economy & Finance; Master of Ceremonies (MCs) & Hosts,VIC (Melbourne),Gender: Male
Eve Ash,Authors; Business; Leadership; Master of Ceremonies (MCs) & Hosts; Mental Health & Wellness; People & Culture,VIC (Melbourne),Gender: Female
"Evonne Goolagong-Cawley AC, MBE",Diversity & Inclusion; Education; Indigenous Speakers; Inspirational; Leadership; Motivational; Resilience; Sport,QLD,Gender: Female
Fadi Chalouhy,Diversity & Inclusion; Inspirational; Motivational; Resilience,NSW (Sydney),Gender: Male
Farah Mohamed,Business; Diversity & Inclusion; Education; Inspirational; Leadership; Master of Ceremonies (MCs) & Hosts; Motivational; Sustainability; World Affairs,International (Canada),Gender: Female
Faulty Towers,Team Building,QLD,
Felicity Harley,"Celebrity; Health, Lifestyle & Wellbeing",NSW (Sydney),Gender: Female
Felicity Ward,Master of Ceremonies (MCs) & Hosts,NSW (Sydney),Gender: Female
Fergus Watts,Business; Leadership; Mental Health & Wellness; Motivational; Resilience,VIC (Melbourne),Gender: Male
Fernando Barraza,Celebrity; Media,NSW (Sydney),Gender: Male
Fiona O'Loughlin,Celebrity,SA (Adelaide),Gender: Female
Fiori Giovanni,Business; Inspirational; Leadership; Motivational; Virtual,VIC (Melbourne),Gender: Female
Fire Faerie,,WA,Gender: Female
Fleur Marks,"Health, Lifestyle & Wellbeing",QLD (Gold Coast),Gender: Female
Fleur McIntyre,Diversity & Inclusion; Leadership; Motivational; Sport; Team Building,International (USA),Gender: Female
Franck Gazzola,Adventurers; Business; Environment & Climate Change; Inspirational; Resilience; Sustainability; Team Building,NSW (Byron Bay),Gender: Male
Frank Farina,Celebrity; Leadership; Sport; Team Building,NSW (Sydney),Gender: Male
Frankie J Holden and Wilbur Wilde,Master of Ceremonies (MCs) & Hosts,VIC,Gender: Male
Fred Harrison,Business; Leadership,VIC,Gender: Male
Fred Smith,"Health, Lifestyle & Wellbeing; Leadership; Mental Health & Wellness; Military; Motivational; People & Culture; Politics & Law; World Affairs",ACT (Canberra),Gender: Male
Freda Liu,Business; Leadership; Master of Ceremonies (MCs) & Hosts; Media; Sustainability,International (Asia; Malaysia),Gender: Female
Freda Miriklis,Business; Diversity & Inclusion; Economy & Finance; Inspirational; Leadership; Master of Ceremonies (MCs) & Hosts; Motivational; People & Culture,VIC (Melbourne),Gender: Female
Fredrik Eklund,Business; Diversity & Inclusion; Motivational,International,Gender: Male
Future Crunch,"Business; Creativity & Innovation; Social Trends & Current Affairs; Technology, Future & Innovation",VIC (Melbourne),Gender: Male
Gabriel Gate,Food & Wine; Media,VIC (Melbourne),Gender: Male
Gabriela Byrne,"Authors; Health, Lifestyle & Wellbeing; People & Culture; Social Trends & Current Affairs",VIC (Melbourne),Gender: Female
Gabrielle Dolan,Business; Leadership,VIC,Gender: Female
Gail O'Brien,"Economy & Finance; Health, Lifestyle & Wellbeing; Inspirational; Intergenerational Influencers; Motivational",NSW (Sydney),Gender: Female
Garry Kasparov,Business; Leadership; World Affairs,International (USA),Gender: Male
Garry Lyon,Celebrity; Master of Ceremonies (MCs) & Hosts; Motivational; Sport,VIC (Melbourne),Gender: Male
Garth Callender,Business; Inspirational; Leadership; Military; Team Building,QLD (Brisbane),Gender: Male
Gary Bertwistle,Creativity & Innovation,NSW,Gender: Male
Gary Pert,Business; Leadership; Sport,VIC,Gender: Male
Gary Swart,"Business; Leadership; Technology, Future & Innovation",International (USA),Gender: Male
Gavin Bell,Team Building,VIC (Melbourne),Gender: Male
Gavin McCormack,Business; Creativity & Innovation; Education; Leadership,NSW (Sydney),Gender: Male
Gavin Reddrop,"AI; Business; Leadership; Technology, Future & Innovation",VIC (Ballarat; Melbourne),Gender: Male
Gavin Wanganeen,Celebrity; Diversity & Inclusion; Indigenous Speakers; Leadership; Resilience; Sport; Team Building,VIC (Melbourne),Gender: Male
Gemma Acton,Business; Celebrity; Economy & Finance; Master of Ceremonies (MCs) & Hosts; Media; Motivational; Social Trends & Current Affairs,International (UAE),Gender: Female
Gen George,"Business; Creativity & Innovation; Technology, Future & Innovation",NSW,Gender: Female
General George Casey,Business; Leadership; World Affairs,International (USA),Gender: Male
General Sir Rupert Smith,Business; Leadership; World Affairs,International (USA),Gender: Male
General The Honourable Sir Peter Cosgrove AK AC(Mil) CVO MC (Retd),Business; Celebrity; Leadership; Military; Social Trends & Current Affairs; World Affairs,NSW (Sydney),Gender: Male
Genevieve Clay-Smith,"Business; Celebrity; Creativity & Innovation; Diversity & Inclusion; Education; Health, Lifestyle & Wellbeing; Intergenerational Influencers; Leadership; Media; Mental Health & Wellness; People & Culture",NSW (Sydney),Gender: Female
Genevieve Jacobs AM,Celebrity; Inspirational; Master of Ceremonies (MCs) & Hosts,ACT (Canberra),Gender: Female
Geoff Huegill,"After Dinner Speakers; Diversity & Inclusion; Health, Lifestyle & Wellbeing; Inspirational; Leadership; Mental Health & Wellness; People & Culture; Resilience; Sport",International (Asia; Singapore),Gender: Male
Geoff Knight,Inspirational,NSW,Gender: Male
Geoff Lawson OAM,Sport; Team Building,NSW,Gender: Male
Geoff Wilson,Adventurers; Business; Inspirational; Leadership; Motivational; Sport,QLD,Gender: Male
George Gregan,Celebrity; Leadership; Motivational; Sport,International (UK),Gender: Male
George Halkias,Inspirational; Leadership; Motivational; People & Culture; Sport,VIC,Gender: Male
George McEncroe,,VIC (Melbourne),Gender: Female
George Smilovici,Master of Ceremonies (MCs) & Hosts,NSW (Northern NSW),Gender: Male
George Stas,"After Dinner Speakers; Health, Lifestyle & Wellbeing; Motivational",SA (Adelaide),Gender: Male
Georgia Murch,Business; Inspirational; Leadership; Team Building,VIC (Melbourne),Gender: Female
Georgie Dent,"Diversity & Inclusion; Health, Lifestyle & Wellbeing; Inspirational; Master of Ceremonies (MCs) & Hosts; Mental Health & Wellness; People & Culture",NSW (Sydney),Gender: Female
Georgie Gardner,"Celebrity; Health, Lifestyle & Wellbeing; Leadership; Master of Ceremonies (MCs) & Hosts; Media",NSW,Gender: Female
Geraldine Cox AM,Celebrity; Inspirational; Motivational,International (Asia; Cambodia),Gender: Female
Geraldine Doogue AO,Celebrity; Master of Ceremonies (MCs) & Hosts; Media,NSW (Sydney),Gender: Female
Geraldine Hickey,Celebrity; Master of Ceremonies (MCs) & Hosts; Virtual,VIC (Melbourne),Gender: Female
Gerard Whateley,Media; Sport,VIC,Gender: Male
Giaan Rooney OAM,Celebrity; Inspirational; Master of Ceremonies (MCs) & Hosts; Media; Motivational; Sport,NSW (Corndale),Gender: Female
Gideon Rozner,Business; Economy & Finance; Environment & Climate Change; Leadership; Media; Politics & Law; Social Trends & Current Affairs; World Affairs,VIC (Melbourne),Gender: Male
Gihan Perera,"AI; Business; Creativity & Innovation; Leadership; Technology, Future & Innovation",WA (Perth),Gender: Male
Gilbert Enoka,"Business; Health, Lifestyle & Wellbeing; Leadership; Motivational; People & Culture; Team Building",New Zealand (Christchurch),Gender: Male
Gillian Cosgriff,Inspirational; Master of Ceremonies (MCs) & Hosts; Motivational,VIC (Melbourne),Gender: Female
Gina Bella,Creativity & Innovation; Inspirational,WA (Perth),Gender: Female
Giyora Barzilay,Adventurers; Business; Diversity & Inclusion,New Zealand (Auckland),Gender: Male
Glen Jakovich,Celebrity; Master of Ceremonies (MCs) & Hosts; Motivational; Sport,WA (Perth),Gender: Male
Glen Sharkey,"Business; Health, Lifestyle & Wellbeing; Leadership; Mental Health & Wellness; Motivational; People & Culture; Storytelling; Team Building",New Zealand (Auckland),Gender: Male
Glenn Capelli,Business; Creativity & Innovation; Leadership; People & Culture; Team Building,WA,Gender: Male
Glenn Cooper AM,Business; Leadership,SA (Adelaide),Gender: Male
Glenn Lazarus OAM,Inspirational; Leadership; Mental Health & Wellness; Motivational; Politics & Law; Sport,QLD,Gender: Male
Glenn Manton,Celebrity; Diversity & Inclusion; Intergenerational Influencers; Mental Health & Wellness; People & Culture; Sport,VIC (Melbourne),Gender: Male
Glenn McGrath AO,Celebrity; Motivational; Sport,QLD (Sunshine Coast),Gender: Male
Glenn Mitchell,Media; Sport,WA,Gender: Male
Glenn Singleman,Adventurers; Inspirational; Motivational; Sport,NSW,Gender: Male
Glynn Nicholas,Business; Leadership; Master of Ceremonies (MCs) & Hosts,VIC (Melbourne),Gender: Male
Gorden Tallis,Sport,QLD (Brisbane),Gender: Male
Gorgi Coghlan,Celebrity; Master of Ceremonies (MCs) & Hosts; Media,VIC (Ballarat),Gender: Female
Grace Tame,Diversity & Inclusion; Inspirational; Leadership; Politics & Law; Resilience; Storytelling,TAS (Hobart),Gender: Female
Graeme Bowman,Creativity & Innovation,VIC (Melbourne),Gender: Male
Graeme Cowan,"Authors; Business; Health, Lifestyle & Wellbeing; Inspirational; Mental Health & Wellness",NSW (Sydney),Gender: Male
Graeme Goodings,After Dinner Speakers; Celebrity; Master of Ceremonies (MCs) & Hosts; Media; Mental Health & Wellness; Motivational; Resilience; Storytelling; Team Building,SA,Gender: Male
Graeme Samuel AC,Business; Leadership,VIC (Melbourne),Gender: Male
Graeme Wood,Business; Motivational,QLD,Gender: Male
Graham Bradley AM,Business,NSW,Gender: Male
Graham Cornes OAM,Inspirational; Master of Ceremonies (MCs) & Hosts; Motivational; Sport,SA (Adelaide),Gender: Male
Graham Harvey,"Business; Intergenerational Influencers; Technology, Future & Innovation",WA (Perth),Gender: Male
Grant 'Scooter' Patterson,Diversity & Inclusion; Inspirational; Motivational; Sport,QLD (Cairns),Gender: Male
Grant Denyer,Adventurers; After Dinner Speakers; Celebrity; Master of Ceremonies (MCs) & Hosts; Media; Mental Health & Wellness,NSW (Bathurst),Gender: Male
Grant Dusting,Business; Intergenerational Influencers; Leadership; People & Culture; Social Trends & Current Affairs,WA (Perth),Gender: Male
Grant Hackett OAM,Business; Economy & Finance; Leadership; Motivational; Sport; Team Building,VIC (Melbourne),Gender: Male
Greg Champion OAM,Sport,VIC (Melbourne),Gender: Male
Greg Ritchie,Celebrity; Master of Ceremonies (MCs) & Hosts; Motivational; Sport; Storytelling,QLD (Gold Coast),Gender: Male
Greg Rust,Master of Ceremonies (MCs) & Hosts; Sport,NSW,Gender: Male
Gregory Burns MFA,"Creativity & Innovation; Diversity & Inclusion; Health, Lifestyle & Wellbeing; Inspirational; People & Culture; Sport; Virtual",International (Asia; Singapore),Gender: Male
Gregory Robinson,"Business; Creativity & Innovation; Leadership; Team Building; Technology, Future & Innovation",International (USA),Gender: Male
Groove Night Avenue,Virtual,WA,
Gry Stene,"AI; Business; Creativity & Innovation; Diversity & Inclusion; Inspirational; Leadership; Technology, Future & Innovation",WA (Fremantle; Perth),Gender: Female
Guenther Steiner,Leadership; Motivational; Resilience; Sport,International (UK),Gender: Male
Gus Balbontin,"Business; Creativity & Innovation; Leadership; Motivational; Resilience; Team Building; Technology, Future & Innovation; Virtual",VIC (Melbourne),Gender: Male
Gus Worland,"Business; Celebrity; Diversity & Inclusion; Health, Lifestyle & Wellbeing; Media; Mental Health & Wellness; Motivational; People & Culture",NSW (Sydney),Gender: Male
Guy Grossi,Celebrity; Food & Wine,VIC (Melbourne),Gender: Male
Guy Kawasaki,"Business; Creativity & Innovation; Leadership; Storytelling; Technology, Future & Innovation",International (USA),Gender: Male
Guy Montgomery,Master of Ceremonies (MCs) & Hosts,New Zealand (Auckland),Gender: Male
Guy Russo,Business; Team Building,VIC (Melbourne),Gender: Male
Hacia Atherton,Business; Inspirational; Leadership; People & Culture,VIC (Melbourne),Gender: Female
Hagai M. Segal,Politics & Law; World Affairs,International (London; UK),Gender: Male
Hailey Calvert,,QLD,Gender: Female
Hamish & Andy,Master of Ceremonies (MCs) & Hosts; Media,VIC (Melbourne),Gender: Male
Hannah Gadsby,Diversity & Inclusion,VIC (Melbourne),
Hannah Moloney,Environment & Climate Change; Resilience; Sustainability,TAS (Hobart),Gender: Female
Hari Hara Priya Kannan,"Business; Social Trends & Current Affairs; Technology, Future & Innovation",VIC (Melbourne),Gender: Female
Harry Garside,Inspirational; Motivational; Sport,NSW (Sydney),Gender: Male
Harry Moffitt,Business; Inspirational; Leadership; Master of Ceremonies (MCs) & Hosts; Military; People & Culture; Team Building; Virtual,VIC (Melbourne),Gender: Male
Harry Sanders,Business; Creativity & Innovation; Diversity & Inclusion; Inspirational; Intergenerational Influencers; Leadership; Motivational; Social Media & Networking; Social Trends & Current Affairs; Virtual,VIC (Melbourne),Gender: Male
Hayden Quinn,Celebrity; Education; Food & Wine; Intergenerational Influencers; Motivational,NSW (Sydney),Gender: Male
Hayley Lewis OAM,"Business; Celebrity; Health, Lifestyle & Wellbeing; Inspirational; Leadership; Master of Ceremonies (MCs) & Hosts; Mental Health & Wellness; Sport; Virtual",QLD (Brisbane),Gender: Female
Heather McGowan,"Business; Creativity & Innovation; Education; Intergenerational Influencers; Technology, Future & Innovation; Virtual",International (USA),Gender: Female
Heather Swan,Advertising & Marketing; Inspirational,NSW,Gender: Female
Heidi Dening,"Business; Health, Lifestyle & Wellbeing; Inspirational; Leadership; Motivational",NSW (Sydney),Gender: Female
Helen Brown,Master of Ceremonies (MCs) & Hosts; Media; World Affairs,VIC (Melbourne),Gender: Female
Helen Dalley,Advertising & Marketing; Celebrity; Master of Ceremonies (MCs) & Hosts,NSW (Sydney),Gender: Female
Helen Fitzroy,"Business; Health, Lifestyle & Wellbeing; Inspirational; Motivational",QLD (Brisbane),Gender: Female
Helen Kapalos,Business; Celebrity; Diversity & Inclusion; Education; Master of Ceremonies (MCs) & Hosts; Media; Motivational; Politics & Law; Virtual,VIC (Melbourne),Gender: Female
Helene Chung,Authors; Inspirational; Intergenerational Influencers; Master of Ceremonies (MCs) & Hosts; Media; World Affairs,TAS (Hobart),Gender: Female
Hello Sport,Media; Social Media & Networking; Sport,NSW (Sydney),Gender: Male
Henry Botha,Business; Economy & Finance,SA (Adelaide),Gender: Male
Henry Olonga,After Dinner Speakers; Education; Inspirational; Master of Ceremonies (MCs) & Hosts; Motivational; Resilience; Sport; Virtual,SA (Adelaide),Gender: Male
Highway 95,,WA (Karratha),Gender: Female
Holly Brisley,Celebrity; Master of Ceremonies (MCs) & Hosts,NSW (Sydney),Gender: Female
Holly Budge,Adventurers; After Dinner Speakers; Creativity & Innovation; Inspirational; Motivational; Sustainability,New Zealand (South Island),Gender: Female
Holly Kramer,Business; Leadership,NSW (Sydney),Gender: Female
Holly Ransom,Business; Intergenerational Influencers; Leadership; Team Building,VIC (Melbourne),Gender: Female
Homer Papantonio,After Dinner Speakers,QLD (Gold Coast),Gender: Male
Honey,,QLD (Brisbane),Gender: Female
Honky Tonk Heroes,Virtual,WA (Perth),
Hugh Gyton,Business; Master of Ceremonies (MCs) & Hosts; People & Culture; Team Building,NSW (Sydney),Gender: Male
Hugh Hutchison,Advertising & Marketing; Business; Leadership; Motivational; Sport,New Zealand (North Island),Gender: Male
Human Rhythms,Education; Team Building,NSW,
Ian Chappell,Celebrity; Sport; Team Building,NSW (Sydney),Gender: Male
Ian Healy AO,After Dinner Speakers; Celebrity; Master of Ceremonies (MCs) & Hosts; Motivational; Sport; Storytelling,QLD (Brisbane),Gender: Male
Ian Hutchinson,"Business; Health, Lifestyle & Wellbeing; Inspirational; Leadership; Motivational",NSW,Gender: Male
Ian Leslie OAM,After Dinner Speakers; Celebrity; Master of Ceremonies (MCs) & Hosts; Media; World Affairs,NSW (Sydney),Gender: Male
Ian McLaren,Politics & Law,QLD,Gender: Male
Ian Schubach,Business; Leadership; Motivational; People & Culture; Team Building,NSW (Sydney),Gender: Male
Ian Siegel,"Business; Technology, Future & Innovation",International (USA),Gender: Male
Ian Stephens,Business; Inspirational; People & Culture,QLD (Brisbane),Gender: Male
Ian Thorpe AM,Sport,NSW (Sydney),Gender: Male
Indira Naidoo,Celebrity; Master of Ceremonies (MCs) & Hosts; Media,NSW (Sydney),Gender: Female
Irene Sunshine Hamons,Business; Inspirational; Leadership; Master of Ceremonies (MCs) & Hosts; Mental Health & Wellness; Resilience; Sustainability,International (Singapore),Gender: Female
Isaac Xavier,"Health, Lifestyle & Wellbeing; Inspirational",QLD (Broadbeach),Gender: Male
Ivan Aristeguieta,Diversity & Inclusion; Food & Wine; Master of Ceremonies (MCs) & Hosts,VIC (Melbourne),Gender: Male
Ivan Colhoun,Business; Economy & Finance,NSW (Sydney),Gender: Male
Iven Frangi,Business; Sport,NSW,Gender: Male
Jacinta McDonell,"Business; Health, Lifestyle & Wellbeing; People & Culture",NSW (Sydney),Gender: Female
Jack Anderson,Creativity & Innovation; Education; Inspirational; Motivational; Resilience; Storytelling,WA (Perth),Gender: Male
Jack Daniels,Motivational,NSW (Sydney),Gender: Male
Jack Delosa,Business; Creativity & Innovation; Virtual,NSW (Sydney),Gender: Male
Jack Parsons,Business; Education; Intergenerational Influencers; Mental Health & Wellness,International (UK),Gender: Male
Jack Thompson,Adventurers; Inspirational; Mental Health & Wellness; Motivational; Resilience; Sport,International (Spain),Gender: Male
Jackie Bowker,"Health, Lifestyle & Wellbeing; Motivational; Resilience; Sport",QLD (Brisbane),Gender: Female
Jackie Furey,"Business; Health, Lifestyle & Wellbeing; Master of Ceremonies (MCs) & Hosts; Mental Health & Wellness; Team Building",NSW,Gender: Female
Jackie Loeb,,International (Los Angeles),Gender: Female
Jacqui Bell,Inspirational; Mental Health & Wellness; Motivational; Resilience; Sport; Storytelling,QLD (Brisbane),Gender: Female
Jacqui Cooper OAM,Inspirational; Leadership; Motivational; Sport,VIC (Melbourne),Gender: Female
Jacqui Felgate,Celebrity; Master of Ceremonies (MCs) & Hosts; Media,VIC (Melbourne),Gender: Female
Jahan Kalantar,Diversity & Inclusion; People & Culture; Politics & Law; Social Trends & Current Affairs,NSW (Sydney),Gender: Male
Jahin Tanvir,Business; Diversity & Inclusion; Inspirational; Mental Health & Wellness; People & Culture; Sport,NSW (Sydney),Gender: Male
Jake Duke,Diversity & Inclusion; Indigenous Speakers; Master of Ceremonies (MCs) & Hosts; Media; Mental Health & Wellness; Resilience; Sport,NSW (Sydney),Gender: Male
James 'Sully' Sullivan,Celebrity,ACT (Canberra),Gender: Male
James Bracey,Celebrity; Master of Ceremonies (MCs) & Hosts; Media; Sport,NSW (Sydney),Gender: Male
James Brayshaw,Celebrity; Master of Ceremonies (MCs) & Hosts; Media; Sport,VIC (Melbourne),Gender: Male
James Castrission,Adventurers; After Dinner Speakers; Business; Inspirational; Leadership; Motivational; People & Culture; Resilience; Virtual,NSW (Sydney),Gender: Male
James Chin Moody,"Business; Creativity & Innovation; Environment & Climate Change; Leadership; Sustainability; Technology, Future & Innovation",NSW (Sydney),Gender: Male
James Clear,Business; Leadership; Motivational; People & Culture,International (USA),Gender: Male
James Dutton,Business; Creativity & Innovation; Sustainability,QLD (Sunshine Coast),Gender: Male
James Fuller,"Business; Creativity & Innovation; Resilience; Technology, Future & Innovation",New Zealand (Wellington),Gender: Male
James Halliday,Business; Celebrity; Food & Wine,VIC,Gender: Male
James Horwill,Sport,International (UK),Gender: Male
James Kerr,Business; Leadership; People & Culture; Team Building,International (London; UK),Gender: Male
James Kirby,"Business; Celebrity; Economy & Finance; Master of Ceremonies (MCs) & Hosts; Technology, Future & Innovation",VIC (Melbourne),Gender: Male
James Lawrence,"Adventurers; Health, Lifestyle & Wellbeing; Inspirational; Motivational; Resilience; Sport",International (USA),Gender: Male
James Mathison,Celebrity; Master of Ceremonies (MCs) & Hosts; Virtual,NSW (Sydney),Gender: Male
James Morrison AM,Celebrity,NSW,Gender: Male
James O'Loghlin,Celebrity; Master of Ceremonies (MCs) & Hosts,NSW (Sydney),Gender: Male
James Peach,Adventurers; Business; Leadership; Mental Health & Wellness; Motivational; Resilience; Team Building,International (UK),Gender: Male
James Poulter,"AI; Business; Creativity & Innovation; Social Media & Networking; Social Trends & Current Affairs; Technology, Future & Innovation; Virtual",International (UK),Gender: Male
James Reyne OAM,Celebrity; Master of Ceremonies (MCs) & Hosts; World Affairs,VIC (Melbourne),Gender: Male
James Rhee,"Business; Creativity & Innovation; Leadership; Technology, Future & Innovation",International (USA),Gender: Male
James Tobin,Celebrity; Master of Ceremonies (MCs) & Hosts; Media,NSW (Sydney),Gender: Male
James Tuckerman,Business,VIC,Gender: Male
James Wilson,"Health, Lifestyle & Wellbeing; Sport; Storytelling; Team Building",WA (Perth),Gender: Male
Jamie Durie,"Celebrity; Health, Lifestyle & Wellbeing; Media",NSW (Sydney),Gender: Male
Jamie Fitzgerald,Adventurers; Inspirational; Motivational,New Zealand (Wellington),Gender: Male
Jamie Young,"Business; Education; Health, Lifestyle & Wellbeing; Leadership; Mental Health & Wellness; Sport",QLD (Brisbane),Gender: Male
Jamila Rizvi,Master of Ceremonies (MCs) & Hosts; Politics & Law,VIC (Melbourne),Gender: Female
Jan Fran,Celebrity; Diversity & Inclusion; Leadership; Master of Ceremonies (MCs) & Hosts; Media,NSW (Sydney),Gender: Female
Jan Stirling,Sport,SA,Gender: Female
Jana Firestone,"Health, Lifestyle & Wellbeing; Inspirational; Master of Ceremonies (MCs) & Hosts; Mental Health & Wellness",VIC (Melbourne),Gender: Female
Jana Pittman,Authors; Inspirational; Leadership; Master of Ceremonies (MCs) & Hosts; Motivational; Resilience; Sport,NSW,Gender: Female
Jane Doyle OAM,Celebrity; Master of Ceremonies (MCs) & Hosts,SA (Adelaide),Gender: Female
Jane Flemming OAM OLY,Celebrity; Inspirational; Motivational; Sport,NSW,Gender: Female
Jane Hall,Celebrity; Master of Ceremonies (MCs) & Hosts,VIC (Melbourne),Gender: Female
Jane Longhurst,Master of Ceremonies (MCs) & Hosts; Media; Storytelling,TAS (Hobart),Gender: Female
Janelle Bloom,"Authors; Food & Wine; Health, Lifestyle & Wellbeing",NSW,Gender: Female
Janice Petersen,Celebrity; Master of Ceremonies (MCs) & Hosts; Media; People & Culture; Social Trends & Current Affairs; World Affairs,NSW (Sydney),Gender: Female
Janine Shepherd AM,Authors; Celebrity; Diversity & Inclusion; Inspirational; Mental Health & Wellness; Resilience; Sport,NSW,Gender: Female
Jansen Andre,"Food & Wine; Health, Lifestyle & Wellbeing; Mental Health & Wellness; Motivational; Sport; Storytelling",QLD (Gold Coast),Gender: Male
Jaquie Scammell,Business; Leadership,VIC (Melbourne),Gender: Female
Jas Rawlinson,Education; Inspirational; Leadership; Resilience,ACT (Canberra),Gender: Female
Jason Bevan,Business; Creativity & Innovation; Storytelling,International (USA),Gender: Male
Jason Clarke,Business; Creativity & Innovation; Leadership; Virtual,VIC (Melbourne),Gender: Male
Jason Cunningham,Business; Leadership; People & Culture; Virtual,VIC (Melbourne),Gender: Male
Jason Dunn,"Health, Lifestyle & Wellbeing; Inspirational; Mental Health & Wellness; Motivational; Sport",NSW (Sydney),Gender: Male
Jason Jelicich,Business; Inspirational; Leadership; Mental Health & Wellness,NSW (Sydney),Gender: Male
Jason McCartney,Celebrity; Inspirational; Sport,NSW (Sydney),Gender: Male
Jason T. Smith,"Business; Health, Lifestyle & Wellbeing; Leadership; Motivational",VIC (Melbourne),Gender: Male
Jason Yat-sen Li,Business; Diversity & Inclusion; Politics & Law,NSW (Sydney),Gender: Male
Jay Jay,Master of Ceremonies (MCs) & Hosts,NSW (Sydney),Gender: Male
Jay Laga'aia,Celebrity; Master of Ceremonies (MCs) & Hosts,NSW (Sydney),Gender: Male
Jay Pottenger,Business; Leadership; Mental Health & Wellness; Motivational,NSW (Sydney),Gender: Male
Jay Stevens,Business; Diversity & Inclusion; Inspirational; Mental Health & Wellness; Motivational; Resilience,NSW (Sydney),Gender: Male
Jazz Thornton,Inspirational; Mental Health & Wellness; Motivational; Resilience,New Zealand (Aiuckland),Gender: Female
Jean Kittson AM,Celebrity; Virtual,NSW (Sydney),Gender: Female
Jeff Allis,Business,VIC (Melbourne),Gender: Male
Jeff DeGraff,Authors; Business; Creativity & Innovation,International (USA),Gender: Male
Jeff Green,"Authors; Celebrity; Health, Lifestyle & Wellbeing; Master of Ceremonies (MCs) & Hosts",VIC (Melbourne),Gender: Male
Jehan Casinader,Business; Inspirational; Leadership; Master of Ceremonies (MCs) & Hosts; Mental Health & Wellness; Motivational,VIC (Auckland; Melbourne),Gender: Male
Jelena Dokic,"Health, Lifestyle & Wellbeing; Inspirational; Mental Health & Wellness; Motivational; Resilience; Social Trends & Current Affairs; Sport; Virtual",VIC (Melbourne),Gender: Female
Jemimah Ashleigh,Business; Diversity & Inclusion; Master of Ceremonies (MCs) & Hosts; Mental Health & Wellness; Motivational; People & Culture,NSW (Sydney),Gender: Female
Jenn Lim,"Business; Diversity & Inclusion; Health, Lifestyle & Wellbeing; People & Culture",International (USA),Gender: Female
Jenn Morris OAM,Leadership; People & Culture; Sport; Team Building,WA (Perth),Gender: Female
Jennifer Hawkins,Celebrity; Master of Ceremonies (MCs) & Hosts,NSW (Sydney),Gender: Female
Jennifer Jefferies,"Business; Diversity & Inclusion; Health, Lifestyle & Wellbeing; Mental Health & Wellness; Motivational",QLD (Brisbane),Gender: Female
Jennifer Keyte,Master of Ceremonies (MCs) & Hosts,VIC,Gender: Female
Jennifer Moss,"Health, Lifestyle & Wellbeing; Inspirational; Leadership; Motivational",International (Canada),Gender: Female
Jennifer Myers,Business; Leadership,New Zealand (Hamilton; Waikato),Gender: Female
Jenny Brockie,"Celebrity; Environment & Climate Change; Health, Lifestyle & Wellbeing; Master of Ceremonies (MCs) & Hosts; Media",NSW (Sydney),Gender: Female
Jenny Wynter,Business; Creativity & Innovation; Inspirational; Motivational; Team Building,QLD (Brisbane),Gender: Female
Jeremy Aubert,"Adventurers; Creativity & Innovation; Leadership; Resilience; Storytelling; Technology, Future & Innovation",SA (Adelaide),Gender: Male
Jeremy Macvean,"Advertising & Marketing; Diversity & Inclusion; Health, Lifestyle & Wellbeing; Mental Health & Wellness; People & Culture",VIC (Melbourne),Gender: Male
Jeremy Meltzer,"Business; Creativity & Innovation; Environment & Climate Change; Inspirational; Motivational; Sustainability; Technology, Future & Innovation",VIC (Melbourne),Gender: Male
Jeremy Oliver,After Dinner Speakers; Celebrity; Food & Wine; Master of Ceremonies (MCs) & Hosts,VIC (Melbourne),Gender: Male
Jeremy Woolf,"Business; Creativity & Innovation; Social Media & Networking; Technology, Future & Innovation",International (Hong Kong),Gender: Male
Jerome Joseph,Business,International (Asia; Singapore),Gender: Male
Jerry Coleby-Williams,Authors; Environment & Climate Change,QLD (Brisbane),Gender: Male
Jesinta Campbell,Celebrity; Master of Ceremonies (MCs) & Hosts,NSW (Sydney),Gender: Female
Jess Adamson,Celebrity; Master of Ceremonies (MCs) & Hosts; Media; World Affairs,SA (Adelaide),Gender: Female
Jess Tyson,Inspirational; Resilience,New Zealand (Auckland),Gender: Female
Jesse Hirsh,"Business; Politics & Law; Technology, Future & Innovation",International (Canada; Toronto),Gender: Male
Jesse Martin OAM,Adventurers; Celebrity; Inspirational; Motivational,VIC,Gender: Male
Jesse Richardson,Advertising & Marketing; Business; Creativity & Innovation; Education; Politics & Law; Team Building,QLD,Gender: Male
Jessica Fox,Inspirational; Motivational; Sport,NSW (Sydney),Gender: Female
Jessica Harmsen,Business; Celebrity; Leadership; Master of Ceremonies (MCs) & Hosts; Media; Politics & Law,SA (Adelaide),Gender: Female
Jessica Harmsen,Master of Ceremonies (MCs) & Hosts,SA (Adelaide),Gender: Female
Jessica Holsman,"Education; Health, Lifestyle & Wellbeing; Inspirational; Mental Health & Wellness",VIC (Melbourne),Gender: Female
Jessica Hull,Inspirational; Motivational; Resilience; Sport,NSW (Sydney),Gender: Female
Jessica Irvine,Business; Economy & Finance; Master of Ceremonies (MCs) & Hosts; Media,NSW (Sydney),Gender: Female
Jessica Ritchie,Advertising & Marketing; Business; Leadership,QLD (Brisbane),Gender: Female
Jessica Rowe AM,Celebrity; Master of Ceremonies (MCs) & Hosts; Media; Mental Health & Wellness,NSW (Sydney),Gender: Female
Jessica Stenson,"Health, Lifestyle & Wellbeing; Sport",SA (Adelaide),Gender: Female
Jessica Watson OAM,Inspirational; Motivational; Resilience,VIC (Melbourne),Gender: Female
Jessica Williamson,Advertising & Marketing; Business; Creativity & Innovation; Inspirational,WA (Perth),Gender: Female
Jessica Wilson,"Business; Diversity & Inclusion; Leadership; Resilience; Technology, Future & Innovation",NSW (Sydney),Gender: Female
Jia Jiang,Business; Motivational; People & Culture,International (USA),Gender: Male
Jillian Broadbent AO,Business; Leadership,NSW,Gender: Female
Jillian Whiting,Celebrity; Diversity & Inclusion; Master of Ceremonies (MCs) & Hosts,QLD (Brisbane),Gender: Female
Jim Rogers,Adventurers; Business; Economy & Finance; Politics & Law; World Affairs,International (Asia; Singapore),Gender: Male
Jim Wilson,After Dinner Speakers; Business; Celebrity; Inspirational; Master of Ceremonies (MCs) & Hosts; Motivational; Resilience; Sport,NSW (Sydney),Gender: Male
Jo Saunders,Business; Social Media & Networking,WA,Gender: Female
Jo Stanley,"Business; Celebrity; Diversity & Inclusion; Health, Lifestyle & Wellbeing; Inspirational; Leadership; Master of Ceremonies (MCs) & Hosts; Media; Motivational; Virtual",VIC (Melbourne),Gender: Female
Joanna Lepore,"Business; Creativity & Innovation; Leadership; Technology, Future & Innovation",VIC (Melbourne),Gender: Female
Jodi Lee,Master of Ceremonies (MCs) & Hosts; Media; Social Trends & Current Affairs,NSW (Sydney),Gender: Female
Jodie Fox,Business,International (USA),Gender: Female
Joe Aston,Business; Politics & Law; World Affairs,NSW (Sydney),Gender: Male
Joe Brumm,Creativity & Innovation; Inspirational; Leadership; Motivational,QLD (Brisbane),Gender: Male
Joe Hildebrand,Business; Media; World Affairs,NSW (Sydney),Gender: Male
Joe Navarro,Authors; Business; Leadership,International (USA),Gender: Male
Joel Creasey,Celebrity; Master of Ceremonies (MCs) & Hosts,VIC (Melbourne),Gender: Male
Joel Feren,"Food & Wine; Health, Lifestyle & Wellbeing; Mental Health & Wellness",VIC (Melbourne),Gender: Male
Joel McKerrow,Creativity & Innovation; Education; Leadership; Mental Health & Wellness; Storytelling,VIC (Melbourne),Gender: Male
Joel Ozborn,Master of Ceremonies (MCs) & Hosts,NSW (Sydney),Gender: Male
Johanna Griggs AM,Celebrity; Master of Ceremonies (MCs) & Hosts,NSW (Sydney),Gender: Female
John Berenyi,Advertising & Marketing; Business,VIC (Melbourne),Gender: Male
John Bertrand AO,"Business; Celebrity; Inspirational; Leadership; Sport; Team Building; Technology, Future & Innovation",VIC (Melbourne),Gender: Male
John Brogden AM,"Health, Lifestyle & Wellbeing; Leadership; Mental Health & Wellness; Politics & Law",NSW (Sydney),Gender: Male
John Buchanan,Authors; Business; Leadership; Motivational; Sport; Team Building,QLD,Gender: Male
John Coutis OAM,Diversity & Inclusion; Inspirational; Motivational; Sport,QLD (Gold Coast),Gender: Male
John D'Arcy,"Celebrity; Health, Lifestyle & Wellbeing; Inspirational; Master of Ceremonies (MCs) & Hosts; Media; Motivational",NSW,Gender: Male
John Deeks,Celebrity; Master of Ceremonies (MCs) & Hosts,VIC (Melbourne),Gender: Male
John Eales AM,Celebrity; Leadership; Sport; Team Building,NSW (Sydney),Gender: Male
John Fitzgerald,Celebrity; Inspirational; Motivational; Sport,VIC,Gender: Male
John Formica,Business; Creativity & Innovation; Motivational,International (USA),Gender: Male
John Gray,"Authors; Diversity & Inclusion; Health, Lifestyle & Wellbeing",International (USA),Gender: Male
John Kehoe,Economy & Finance; Master of Ceremonies (MCs) & Hosts; Politics & Law,ACT (Canberra),Gender: Male
John Longmire,Sport,NSW (Sydney),Gender: Male
John Maclean,Adventurers; Diversity & Inclusion; Sport,NSW,Gender: Male
John McEnroe,Inspirational; Motivational; Sport,International (USA),Gender: Male
John McGrath,Business; Inspirational; Motivational,NSW,Gender: Male
John McKenzie,Business; Master of Ceremonies (MCs) & Hosts; Media; Social Media & Networking; Team Building,New Zealand (Christchurch),Gender: Male
John Pabon,Advertising & Marketing; Business; Environment & Climate Change; Sustainability,VIC (Melbourne),Gender: Male
John Riddell,After Dinner Speakers; Master of Ceremonies (MCs) & Hosts; Media,SA,Gender: Male
John Rothfield,Authors; Sport,VIC,Gender: Male
John Schumann AM,Business; Celebrity; Environment & Climate Change; Master of Ceremonies (MCs) & Hosts; Mental Health & Wellness; Military; Motivational; Social Trends & Current Affairs,SA (Adelaide),Gender: Male
John Shackleton,"Business; Health, Lifestyle & Wellbeing; Inspirational; Leadership; Motivational; People & Culture; Sport",New Zealand,Gender: Male
John Silvester,Celebrity; Media; Politics & Law,VIC (Melbourne),Gender: Male
John Simpson,Leadership; Media; Politics & Law; Social Trends & Current Affairs; Storytelling; World Affairs,International (UK),Gender: Male
John Steffensen,Motivational; Sport,VIC,Gender: Male
John Sweeney,Business; Creativity & Innovation; Leadership; People & Culture,International (USA),Gender: Male
John Toomey,"Business; Health, Lifestyle & Wellbeing; Inspirational; Mental Health & Wellness; People & Culture",VIC (Melbourne),Gender: Male
John Worsfold,Motivational; Sport; Team Building,WA,Gender: Male
Johnny Balance,Master of Ceremonies (MCs) & Hosts,VIC (Melbourne),Gender: Male
Jon Dee,Business; Environment & Climate Change; Leadership; Sustainability,NSW (Sydney),Gender: Male
Jon Faine AM,After Dinner Speakers; Business; Celebrity; Leadership; Master of Ceremonies (MCs) & Hosts; Media; Politics & Law; World Affairs,VIC (Melbourne),Gender: Male
Jon Haines,Leadership; Master of Ceremonies (MCs) & Hosts; Mental Health & Wellness; People & Culture; Resilience; Team Building,WA (Perth),Gender: Male
Jonas Kjellberg,"Business; Creativity & Innovation; Technology, Future & Innovation",International (USA),Gender: Male
Jonathan ‘Jono’ Uptin,Master of Ceremonies (MCs) & Hosts,QLD (Brisbane),Gender: Male
Jonathan Biggins OAM,Master of Ceremonies (MCs) & Hosts; Media,NSW (Sydney),Gender: Male
Jonathan Holloway,Business; Creativity & Innovation; Inspirational; Virtual,International; VIC (Melbourne; UK),Gender: Male
Jonathan Low,Business; Leadership; Motivational; Team Building,International (Malaysia),Gender: Male
Jonathan MacDonald,"Business; Leadership; Technology, Future & Innovation",QLD (Gold Coast),Gender: Male
Jonathan Pain,Business; Economy & Finance,NSW,Gender: Male
Jonathan Pease,Advertising & Marketing; Business; Creativity & Innovation; Leadership; Media; People & Culture; Social Media & Networking; Social Trends & Current Affairs,NSW (Sydney),Gender: Male
Jonathan Reeve,"Business; Creativity & Innovation; Technology, Future & Innovation",VIC (Melbourne),Gender: Male
Jonathon Moran,Celebrity; Diversity & Inclusion; Master of Ceremonies (MCs) & Hosts; Media; Mental Health & Wellness; Motivational,NSW (Sydney),Gender: Male
Jonno White,Business; Education; Leadership; Master of Ceremonies (MCs) & Hosts; Team Building,QLD (Brisbane; Yeronga),Gender: Male
Jordan Harbinger,"Business; People & Culture; Social Media & Networking; Technology, Future & Innovation",International (USA),Gender: Male
Jordana Borensztajn,Business; Creativity & Innovation; Inspirational; Master of Ceremonies (MCs) & Hosts; Social Media & Networking; Team Building; Virtual,VIC (Melbourne),Gender: Female
José Morey,"AI; Health, Lifestyle & Wellbeing; Technology, Future & Innovation",International (USA),Gender: Male
Josh Altman,After Dinner Speakers; Business,International (USA),Gender: Male
Josh Holt,Celebrity; Environment & Climate Change; Master of Ceremonies (MCs) & Hosts,NSW (Sydney),Gender: Male
Josh Howard,"Advertising & Marketing; Business; Creativity & Innovation; Environment & Climate Change; Sustainability; Technology, Future & Innovation",NSW (Sydney),Gender: Male
Josh Linkner,"Business; Creativity & Innovation; Diversity & Inclusion; Motivational; Technology, Future & Innovation; Virtual",International (USA),Gender: Male
Josh Norbido,Master of Ceremonies (MCs) & Hosts,QLD (Brisbane),Gender: Male
Josh Perring,After Dinner Speakers; Master of Ceremonies (MCs) & Hosts,NSW (Sydney),Gender: Male
Josh Reid Jones,Business; Creativity & Innovation; Diversity & Inclusion; Mental Health & Wellness; People & Culture,VIC (Melbourne),Gender: Male
Josh Szeps,Celebrity; Master of Ceremonies (MCs) & Hosts; Media,NSW (Sydney),Gender: Male
Josh Thomas,Master of Ceremonies (MCs) & Hosts,International; VIC (LA; Melbourne),Gender: Male
Josie Thomson,"Business; Health, Lifestyle & Wellbeing; Inspirational; Leadership; Mental Health & Wellness; Motivational",QLD (Brisbane),Gender: Female
Joy Smithers,Celebrity; Master of Ceremonies (MCs) & Hosts; Motivational,NSW (Sydney),Gender: Female
Juanita Phillips,Master of Ceremonies (MCs) & Hosts; World Affairs,NSW (Sydney),Gender: Female
Jude Bolton,,NSW (Sydney),
Judith Lucy,Master of Ceremonies (MCs) & Hosts,VIC (Melbourne),Gender: Female
Jules Allen,"Business; Diversity & Inclusion; Education; Health, Lifestyle & Wellbeing; Inspirational; Intergenerational Influencers; Leadership; Mental Health & Wellness",NSW (Byron Bay; Gold Coast),Gender: Female
Jules Lund,Celebrity; Master of Ceremonies (MCs) & Hosts,VIC (Melbourne),Gender: Male
Julia Banks,Inspirational; Leadership; Master of Ceremonies (MCs) & Hosts; Motivational; Politics & Law,VIC (Melbourne),Gender: Female
Julia Grace,"After Dinner Speakers; Business; Education; Health, Lifestyle & Wellbeing; Inspirational; Mental Health & Wellness",New Zealand (Auckland),Gender: Female
Julia Morris,Celebrity; Master of Ceremonies (MCs) & Hosts,VIC (Melbourne),Gender: Female
Julia Palmer,Advertising & Marketing; Business; Media; Social Media & Networking,NSW,Gender: Female
Julia Zemiro,Celebrity; Master of Ceremonies (MCs) & Hosts,NSW (Bowral; Sydney),Gender: Female
Julian Mather,Business; Leadership; Motivational; Resilience,QLD (Brisbane),Gender: Male
Julian Moore,"Advertising & Marketing; Business; Creativity & Innovation; Leadership; Technology, Future & Innovation",QLD (Brisbane),Gender: Male
Julian Morrow,Celebrity; Master of Ceremonies (MCs) & Hosts,NSW (Sydney),Gender: Male
Julian Pace,"Business; Health, Lifestyle & Wellbeing; Inspirational; Mental Health & Wellness; Motivational; People & Culture; Team Building",WA,Gender: Male
Julie Cross,"Business; Health, Lifestyle & Wellbeing; Inspirational; People & Culture; Resilience; Virtual",QLD (Brisbane),Gender: Female
Julie Garlans McLellan,Business; Leadership,NSW (Sydney),Gender: Female
Julie Goodwin,Celebrity; Food & Wine; Mental Health & Wellness; Motivational; Virtual,NSW (Central Coast),Gender: Female
Julie Masters,Business; Leadership,International (Spain),Gender: Female
Julie McCrossin,Celebrity; Master of Ceremonies (MCs) & Hosts; World Affairs,NSW (Sydney),Gender: Female
Julie Piantadosi,Business; Master of Ceremonies (MCs) & Hosts,SA,Gender: Female
Julie Zhuo,"Business; Leadership; Technology, Future & Innovation",International (USA),Gender: Female
Justice Stephen Pallaras QC,Diversity & Inclusion; Leadership; Politics & Law,SA (Adelaide),Gender: Male
Justin Baird,"Advertising & Marketing; Business; Creativity & Innovation; Environment & Climate Change; Leadership; Technology, Future & Innovation",International (Asia; Singapore),Gender: Male
Justin Flitter,"AI; Technology, Future & Innovation",New Zealand (Auckland),Gender: Male
Justin Hamilton,Master of Ceremonies (MCs) & Hosts; Virtual,NSW (Sydney),Gender: Male
Justin Herald,Business; Education; Inspirational; Mental Health & Wellness; Motivational; Resilience; Team Building; Virtual,QLD (Gold Coast),Gender: Male
Justin Jones,Adventurers; Inspirational; Leadership; Motivational; Team Building; Virtual,TAS (Hobart),Gender: Male
Justin Langer AM,Celebrity; Sport,WA (Perth),Gender: Male
Justin Leppitsch,Business; Leadership; Resilience; Sport,QLD (Brisbane),Gender: Male
Justin Longmuir,Business; Inspirational; Leadership; Motivational; Sport,WA,Gender: Male
Justine Flynn,Business; Creativity & Innovation; Education; Inspirational; Leadership; Motivational; Social Media & Networking; Social Trends & Current Affairs; Team Building; World Affairs,QLD (Sunshine Coast),Gender: Female
Justine Schofield,Food & Wine; Master of Ceremonies (MCs) & Hosts,NSW (Sydney),Gender: Female
Kaiden Powell,"Business; Creativity & Innovation; Diversity & Inclusion; Education; Health, Lifestyle & Wellbeing; Indigenous Speakers; Inspirational; Mental Health & Wellness; Motivational; People & Culture; Sport; Virtual",NSW (Sydney),Gender: Male
Kaley Chu,Business; Inspirational; Motivational; People & Culture,VIC (Melbourne),Gender: Female
Kamal Sarma,Business; Leadership; Motivational; People & Culture; Team Building,NSW (Sydney),Gender: Male
Kara Irving,Celebrity; Media,VIC (Melbourne),Gender: Female
Karen Ferris,Business; Leadership; People & Culture; Resilience,VIC (Melbourne),Gender: Female
Karen Jacobsen,Business; Inspirational; Motivational,QLD (Whitsundays),Gender: Female
Karen Leong,Business; Intergenerational Influencers; Leadership,International (Asia; Singapore),Gender: Female
Karen Matthews,Business; Leadership; People & Culture,NSW (Sydney),Gender: Female
Karl Stefanovic,Celebrity; Master of Ceremonies (MCs) & Hosts,NSW (Sydney),Gender: Male
Karni Liddell,Diversity & Inclusion; Inspirational; Resilience; Sport,QLD (Brisbane),Gender: Female
Karun Chandhok,Motivational; Resilience; Sport,International (UK),Gender: Male
Kat Davidson,After Dinner Speakers; Business; Master of Ceremonies (MCs) & Hosts; Virtual,QLD (Brisbane),Gender: Female
Kate Ceberano,,VIC,Gender: Female
Kate Christie,After Dinner Speakers; Business; Master of Ceremonies (MCs) & Hosts; Motivational,VIC (Melbourne),Gender: Female
Kate Collins,Media; World Affairs,SA (Adelaide),Gender: Female
Kate Freebairn,Celebrity; Master of Ceremonies (MCs) & Hosts,NSW (Sydney),Gender: Female
Kate Hall,Environment & Climate Change; Inspirational; Motivational; Sustainability,New Zealand (Auckland),Gender: Female
Kate Hardcastle MBE,"Business; Master of Ceremonies (MCs) & Hosts; Sustainability; Technology, Future & Innovation",International (UK),Gender: Female
Kate Jenkins AO,Business; Diversity & Inclusion; Inspirational; Leadership; People & Culture,VIC (Melbourne),Gender: Female
Kate Langbroek,Celebrity; Inspirational; Master of Ceremonies (MCs) & Hosts; Media; Motivational; Resilience,VIC (Melbourne),Gender: Female
Kate Munari,After Dinner Speakers; Inspirational; Leadership; Military; Resilience; Team Building,ACT (Canberra),Gender: Female
Kate Osborne,Business; Leadership,QLD (Brisbane),Gender: Female
Kate Roffey,Business; Leadership; People & Culture; Sport,VIC (Melbourne),Gender: Female
Kate Waterhouse,,NSW,Gender: Female
Kath Koschel,Inspirational; Leadership; Mental Health & Wellness; Motivational; Resilience; Sport,NSW (Sydney),Gender: Female
Katharina Kuehn,Business; Media; People & Culture,NSW (Sydney),Gender: Female
Kathryn Fox,"Authors; Health, Lifestyle & Wellbeing; Politics & Law",NSW,Gender: Female
Kathy Kelly,"Education; Health, Lifestyle & Wellbeing; Inspirational; Leadership; Motivational; Team Building",NSW,Gender: Female
Kathy Watt OAM,"After Dinner Speakers; Business; Health, Lifestyle & Wellbeing; Inspirational; Media; Sport; Technology, Future & Innovation",VIC,Gender: Female
Katie Sarah,"Adventurers; Health, Lifestyle & Wellbeing; Inspirational",SA (Adelaide),Gender: Female
Katrina McCarter,Advertising & Marketing; Business; Intergenerational Influencers,VIC (Melbourne),Gender: Female
Katrina Waugh,Adventurers; Business; Leadership; Master of Ceremonies (MCs) & Hosts,QLD (Brisbane),Gender: Female
Katrina Webb OAM,Business; Diversity & Inclusion; Inspirational; Master of Ceremonies (MCs) & Hosts; Sport; Virtual,SA (Adelaide),Gender: Female
Kaumudi Goda,Business,International (Asia; Singapore),Gender: Female
Kaylee McKeown,Inspirational; Motivational; Sport,QLD (Sunshine Coast),Gender: Female
Kaylene Langford,Business; Education; Leadership,NSW (Sydney),Gender: Female
Kehau Jackson,,SA (Adelaide),Gender: Female
Keith Abraham,Authors; Business; Leadership; Master of Ceremonies (MCs) & Hosts; Virtual,QLD (Brisbane),Gender: Male
Keith Banks BM,Business; Leadership; Mental Health & Wellness; Politics & Law,VIC (Melbourne),Gender: Male
Keith Ferrazzi,Business; Leadership,International (USA),Gender: Male
Keith Schleiger,Leadership; Media,NSW,Gender: Male
Kellie Tomney,"Business; Health, Lifestyle & Wellbeing; Leadership; Motivational; Resilience",QLD (Burleigh Heads),Gender: Female
Kelly Cartwright OAM,Business; Diversity & Inclusion; Inspirational; Motivational; People & Culture; Resilience; Sport,VIC (Melbourne),Gender: Female
Kelly Nestor,Celebrity; Master of Ceremonies (MCs) & Hosts,SA (Adelaide),Gender: Female
Kendall Whyte,"Business; Health, Lifestyle & Wellbeing; Inspirational; Leadership; Mental Health & Wellness; Motivational",WA (Perth),Gender: Female
Kenneth Kwan,Business; Leadership; Motivational; People & Culture,International (Singapore),Gender: Male
Kerri Pottharst OAM,After Dinner Speakers; Inspirational; Leadership; Resilience; Sport; Team Building,NSW (Sydney),Gender: Female
Kerri-Anne Kennerley,Celebrity; Master of Ceremonies (MCs) & Hosts,NSW (Sydney),Gender: Female
Kersti Eesmaa,"Inspirational; Leadership; Technology, Future & Innovation; World Affairs",ACT (Canberra),Gender: Female
Kevin Humphreys DSC,Inspirational; Leadership; Mental Health & Wellness; Military; Motivational; People & Culture; Resilience; Team Building,QLD (Brisbane),Gender: Male
Kevin O'Leary,"Business; Celebrity; Economy & Finance; Media; Motivational; Technology, Future & Innovation; Virtual",International (USA),Gender: Male
Kevin Sheedy AO,Celebrity; Leadership; Master of Ceremonies (MCs) & Hosts; Motivational; Sport; Team Building,VIC,Gender: Male
Khoo Swee Chiow,Adventurers; Inspirational; Motivational,,Gender: Male
Khyati Kapai,Business; Leadership; Storytelling; Team Building,International (Singapore),Gender: Female
Kieran Flanagan,Advertising & Marketing; Business; Leadership; Master of Ceremonies (MCs) & Hosts,NSW (Sydney),Gender: Female
Kieran Read,Leadership; Motivational; Resilience; Sport; Team Building,New Zealand (Christchurch),Gender: Male
Kieren Perkins OAM,Celebrity; Inspirational; Motivational; Sport,VIC (Melbourne),Gender: Male
Kim Brennan AM,Sport,ACT (Canberra),Gender: Female
Kim Hughes,Sport,WA,Gender: Male
Kim Katrin Milan,"Diversity & Inclusion; Health, Lifestyle & Wellbeing; Inspirational; Leadership; Motivational; Social Trends & Current Affairs",International (Canada),Gender: Female
Kim Keedle,"Business; Health, Lifestyle & Wellbeing; Sport; Team Building",VIC (Melbourne),Gender: Male
Kim McCosker,"Business; Food & Wine; Health, Lifestyle & Wellbeing; Virtual",QLD (Sunshine Coast),Gender: Female
Kim Seeling Smith,AI; Business; Leadership; Master of Ceremonies (MCs) & Hosts; People & Culture,NSW (Sydney),Gender: Female
Kim Underhill,Business; Diversity & Inclusion; Leadership; Motivational,International (Singapore),Gender: Female
Kimberley Crossman,Environment & Climate Change; Inspirational; Mental Health & Wellness; Resilience; Storytelling; Sustainability,New Zealand (Auckland),Gender: Female
Kirk Docker,Diversity & Inclusion; Master of Ceremonies (MCs) & Hosts; Mental Health & Wellness; Motivational; People & Culture; Resilience; Team Building,NSW (Sydney),Gender: Male
Kirli Saunders OAM,Business; Diversity & Inclusion; Environment & Climate Change; Indigenous Speakers; Master of Ceremonies (MCs) & Hosts; Media; People & Culture; Storytelling; Sustainability,NSW (Sydney),Gender: Female
Kirryn Zerna,Advertising & Marketing; Business; Leadership; People & Culture; Social Media & Networking,NSW (Sydney),Gender: Female
Kirstie Clements,"Celebrity; Health, Lifestyle & Wellbeing; Media",NSW,Gender: Female
Kirstie Stanway,Master of Ceremonies (MCs) & Hosts; Media,New Zealand (Auckland),Gender: Female
Kirsty Milligan,Business; People & Culture,VIC (Melbourne),Gender: Female
Kirsty Spraggon,Business; Inspirational; Motivational; Virtual,International (USA),Gender: Female
Kitty Chiller AM,Business; Leadership; Sport; Virtual,VIC (Melbourne),Gender: Female
Kitty Flanagan,Virtual,VIC (Melbourne),Gender: Female
Kon Karapanagiotidis OAM,Business; Diversity & Inclusion; Food & Wine; Leadership; Motivational; Politics & Law,VIC (Melbourne),Gender: Male
Kristen Hansen,Business; Leadership; People & Culture,NSW (Sydney),Gender: Female
Kristina Karlsson,"Business; Health, Lifestyle & Wellbeing; Inspirational; Mental Health & Wellness; Motivational",VIC (Melbourne),Gender: Female
Kristofer Rogers,"AI; Business; Creativity & Innovation; Leadership; Storytelling; Technology, Future & Innovation",NSW (Byron Bay),Gender: Male
Kristy Sellars,"Business; Health, Lifestyle & Wellbeing; Inspirational; Leadership",VIC (Melbourne),Gender: Female
Kristy von Minden,"Health, Lifestyle & Wellbeing",New Zealand (Auckland),Gender: Female
Kurt Fearnley AO,Adventurers; Celebrity; Diversity & Inclusion; Inspirational; Motivational; Resilience; Sport,NSW (Sydney),Gender: Male
Kutcha Edwards,Diversity & Inclusion; Indigenous Speakers; Social Trends & Current Affairs,VIC (Melbourne),Gender: Male
Ky Furneaux,Adventurers; Education,VIC (Torquay),Gender: Female
Kyla Kirkpatrick,Business; Celebrity; Food & Wine; Inspirational; Leadership; Master of Ceremonies (MCs) & Hosts; Motivational; People & Culture; Social Trends & Current Affairs,VIC (Melbourne),Gender: Female
Kylie Gillies,Celebrity; Master of Ceremonies (MCs) & Hosts,NSW (Sydney),Gender: Female
Kylie Kwong AM,Food & Wine; Sustainability,NSW (Sydney),Gender: Female
Lachie Samuel Mariu,"Business; Health, Lifestyle & Wellbeing; Inspirational; Mental Health & Wellness; People & Culture",WA (Perth),Gender: Male
Lachie Smart,Adventurers; Inspirational; Intergenerational Influencers; Motivational,QLD (Brisbane; Sunshine Coast),Gender: Male
Lachlan Daddo,Celebrity; Master of Ceremonies (MCs) & Hosts,NSW (Sydney),Gender: Male
Lachy Reid,Celebrity; Master of Ceremonies (MCs) & Hosts; Sport,WA (Perth),Gender: Male
Laine Wolfe,,WA (Perth),Gender: Female
Lalita Lowe,Business; Education; Environment & Climate Change; Sustainability,TAS (Hobart),Gender: Female
Lambis Englezos AM,After Dinner Speakers; Inspirational; Military,VIC (Melbourne),Gender: Male
Lance Armstrong,Celebrity; Motivational; Resilience; Sport,International (USA),Gender: Male
Lance Kalish,Business; Creativity & Innovation; Social Trends & Current Affairs,NSW (Sydney),Gender: Male
Lani Refiti,"AI; Business; Creativity & Innovation; Leadership; Social Trends & Current Affairs; Technology, Future & Innovation",QLD (Brisbane),Gender: Male
Lara Hyams,Master of Ceremonies (MCs) & Hosts; Media,NSW (Sydney),Gender: Female
Larry Emdur,Master of Ceremonies (MCs) & Hosts,NSW (Sydney),Gender: Male
Larry Hochman,Business; Leadership,International (UK),Gender: Male
Laura Piccardi,"Health, Lifestyle & Wellbeing",NSW (Sydney),Gender: Female
Laurel Papworth,"Business; Social Media & Networking; Social Trends & Current Affairs; Technology, Future & Innovation",NSW (Sydney),Gender: Female
Lauren Burns OAM,"Authors; Health, Lifestyle & Wellbeing; Inspirational; Leadership; Master of Ceremonies (MCs) & Hosts; Motivational; Sport",VIC (Melbourne),Gender: Female
Lauren Clemett,Advertising & Marketing; Business; Leadership; Storytelling,QLD (Brisbane),Gender: Female
Lauren Jackson AO OLY,Authors; Diversity & Inclusion; Motivational; Sport; Team Building,NSW (Albury),Gender: Female
"Lauren Parsons, CSP, AS",Inspirational; Leadership; Motivational; People & Culture; Resilience; Sport,,Gender: Female
Laurie Lawrence AO,After Dinner Speakers; Celebrity; Education; Inspirational; Leadership; Motivational; People & Culture; Sport; Team Building,QLD,Gender: Male
Lauryn Eagle,"Celebrity; Health, Lifestyle & Wellbeing; Motivational; Sport",NSW,Gender: Female
Lawrence Mooney,Celebrity,NSW (Bowral),Gender: Male
Leah McLeod,Celebrity; Master of Ceremonies (MCs) & Hosts,VIC (Melbourne),Gender: Female
Leah Purcell AM,Diversity & Inclusion; Indigenous Speakers; Master of Ceremonies (MCs) & Hosts,NSW (Sydney),Gender: Female
Leanne Faulkner,Business; Mental Health & Wellness; Motivational; People & Culture,NSW,Gender: Female
Leave It To Diva,,NSW,Gender: Female
Lee Lin Chin,Business; Celebrity; Diversity & Inclusion; Master of Ceremonies (MCs) & Hosts,International (Singapore),Gender: Female
Lehmo,Celebrity; Virtual,VIC (Melbourne),Gender: Male
Leigh Matthews AM,Business; Celebrity; Leadership; Motivational; People & Culture; Sport; Team Building,QLD (Brisbane),Gender: Male
Leila Gurruwiwi,Diversity & Inclusion; Indigenous Speakers; Master of Ceremonies (MCs) & Hosts; People & Culture,VIC (Melbourne),Gender: Female
Leila McKinnon,Celebrity; Master of Ceremonies (MCs) & Hosts,NSW (Sydney),Gender: Female
Leisel Jones,Sport,QLD (Brisbane),Gender: Female
Len Rust,"Creativity & Innovation; Social Trends & Current Affairs; Technology, Future & Innovation",NSW,Gender: Male
Leon Logothetis,Adventurers; Celebrity; Inspirational; Motivational,International (USA),Gender: Male
Les Burdett OAM,Sport,SA,Gender: Male
Les Trois Amies,,WA (Perth),Gender: Female
Lewis Pugh,Inspirational; Motivational,International (UK),Gender: Male
Lexy McDonald,Business; Leadership; Mental Health & Wellness,WA (Perth),Gender: Female
Li Cunxin AO,Authors; Inspirational; Motivational,QLD (Brisbane),Gender: Male
Liam Power,Creativity & Innovation,NSW (Sydney),Gender: Male
Liam Twomey,Mental Health & Wellness; Motivational; Resilience; Sport; Storytelling,VIC (Melbourne),Gender: Male
Liane Moriarty,Celebrity; Inspirational; Motivational; Resilience; Storytelling,NSW (Sydney),Gender: Female
Libbi Gorr,Master of Ceremonies (MCs) & Hosts; People & Culture; Politics & Law; Storytelling,VIC (Melbourne),Gender: Female
"Lieutenant General John James Frewen, AO, DSC",Inspirational; Leadership; Military; Resilience; Storytelling,ACT (Canberra),Gender: Male
Lieutenant General Ken Gillespie AC DSC CSM,Business; Leadership; Military; Motivational,NSW (Sydney),Gender: Male
Linley Frame,Master of Ceremonies (MCs) & Hosts; Motivational; Sport; Virtual,VIC (Melbourne),Gender: Female
Lisa Burling,Business; Inspirational; Master of Ceremonies (MCs) & Hosts; Motivational; People & Culture,NSW (Sydney),Gender: Female
Lisa Cox OAM,"Advertising & Marketing; Diversity & Inclusion; Health, Lifestyle & Wellbeing; Inspirational; Mental Health & Wellness; Motivational",QLD (Brisbane),Gender: Female
Lisa Curry AO,"Authors; Business; Celebrity; Health, Lifestyle & Wellbeing; Inspirational; Motivational; Sport",QLD,Gender: Female
Lisa Jones,Business; Inspirational; Master of Ceremonies (MCs) & Hosts; Motivational,NSW (Sydney),Gender: Female
Lisa McAskill,Celebrity; Master of Ceremonies (MCs) & Hosts,SA (Adelaide),Gender: Female
Lisa McGuigan,Food & Wine,NSW (Sydney),Gender: Female
Lisa McInnes-Smith,"Health, Lifestyle & Wellbeing; Leadership; Motivational; Team Building",VIC (Melbourne),Gender: Female
Lisa Smith,Business; Creativity & Innovation; Leadership; Master of Ceremonies (MCs) & Hosts,VIC (Melbourne),Gender: Female
Lisa Tamati,Business; Celebrity; Inspirational; Motivational; Sport,New Zealand (New Plymouth; North Island),Gender: Female
Lisa Wilkinson AM,Business; Celebrity; Master of Ceremonies (MCs) & Hosts; Media; Virtual,NSW,Gender: Female
Lisa Woodbrook,,WA (Perth),Gender: Female
Livinia Nixon,Celebrity; Master of Ceremonies (MCs) & Hosts; Media,VIC (Melbourne),Gender: Female
Liz Courtney,Adventurers; After Dinner Speakers; Business; Environment & Climate Change; Leadership; Master of Ceremonies (MCs) & Hosts; Motivational; Sustainability,NSW,Gender: Female
Liz Dawes,Business; Creativity & Innovation; Inspirational; Leadership,VIC,Gender: Female
Liz Ellis AO,Celebrity; Leadership; Master of Ceremonies (MCs) & Hosts; Motivational; Sport; Team Building,NSW (Lismore; Sydney),Gender: Female
Liz Rose,"Health, Lifestyle & Wellbeing; Inspirational; Leadership; People & Culture; Social Media & Networking",NSW (Sydney),Gender: Female
Lizzie Williamson,"Celebrity; Health, Lifestyle & Wellbeing; Mental Health & Wellness; Motivational; Team Building",NSW (Sydney),Gender: Female
Lizzy Hoo,Master of Ceremonies (MCs) & Hosts,VIC (Melbourne),Gender: Female
Lizzy Lovette,Celebrity; Master of Ceremonies (MCs) & Hosts,NSW (Sydney),Gender: Female
Lleyton Hewitt,Celebrity; Leadership; Resilience; Sport,NSW (Sydney),Gender: Male
Lola Berry,"Authors; Celebrity; Education; Food & Wine; Health, Lifestyle & Wellbeing; Inspirational; Media; Motivational; Virtual",International (USA),Gender: Female
Lord Ian Botham,Celebrity; Sport,International; VIC (Melbourne; UK),Gender: Male
Lorin Nicholson,Diversity & Inclusion; Inspirational; Sport,QLD (Brisbane),Gender: Male
Lottie Dalziel,Environment & Climate Change; Leadership; Motivational; Sustainability; Team Building,NSW (Sydney),Gender: Female
Louise Peachman,Business; Leadership; Master of Ceremonies (MCs) & Hosts; Motivational; Resilience,NSW (Sydney),Gender: Female
Louise Sauvage OAM,Celebrity; Inspirational; Sport,NSW (Sydney),Gender: Female
Louise Yaxley,Inspirational; Motivational; Sport,TAS,Gender: Female
Lt. Gen. David Morrison (Ret.) AO,Leadership; Master of Ceremonies (MCs) & Hosts; Military,ACT (Canberra),Gender: Male
LTCOL Dr Jorian Kippax MBChB FACEM,"Adventurers; Health, Lifestyle & Wellbeing; Inspirational; Motivational; Resilience; Sport; Team Building",TAS (Hobart),Gender: Male
Lucy Bloom,"Business; Education; Health, Lifestyle & Wellbeing; Social Media & Networking; Social Trends & Current Affairs; Virtual; World Affairs",NSW,Gender: Female
Luke Bateman,Celebrity; Master of Ceremonies (MCs) & Hosts; Media; Mental Health & Wellness; Resilience; Sport,NSW (Sydney),Gender: Male
Luke Beveridge,"Business; Health, Lifestyle & Wellbeing; Leadership; Sport; Team Building",VIC (Melbourne),Gender: Male
Luke Hannan,Master of Ceremonies (MCs) & Hosts,NSW (Sydney),Gender: Male
Luke Mangan,Food & Wine,NSW,Gender: Male
Luke Mathers,"Business; Health, Lifestyle & Wellbeing; Leadership; Mental Health & Wellness; Motivational; People & Culture",QLD (Brisbane; Gold Coast),Gender: Male
Luke Tyburski,Adventurers; Inspirational; Leadership; Mental Health & Wellness; Motivational; Resilience; Sport,NSW (Sydney),Gender: Male
Luli Adeyemo,"Business; Diversity & Inclusion; Indigenous Speakers; Inspirational; Technology, Future & Innovation",NSW (Sydney),Gender: Female
Lulu Hawton,Inspirational; Mental Health & Wellness; Motivational; Resilience; Sport,WA (Perth),Gender: Female
Lumiere,,SA,Gender: Female
Lydia Lassila OAM,Inspirational; Sport,International (Finland),Gender: Female
Lynda Gratton,Business; Creativity & Innovation; Economy & Finance; Leadership,International (UK),Gender: Female
Lynda Moore,After Dinner Speakers; Business,New Zealand (Auckland),Gender: Female
Lyndey Milan OAM,"After Dinner Speakers; Business; Celebrity; Food & Wine; Health, Lifestyle & Wellbeing; Master of Ceremonies (MCs) & Hosts; Motivational",NSW (Sydney),Gender: Female
Lynne Pezzullo,Business; Economy & Finance; Inspirational; Leadership; Virtual,ACT (Canberra),Gender: Female
Macshane,Diversity & Inclusion; Master of Ceremonies (MCs) & Hosts; Motivational; Team Building,WA (Perth),Gender: Male
Madeleine West,Celebrity; Inspirational; Motivational; Resilience; Storytelling,NSW (Byron Bay),Gender: Female
Madison de Rozario OAM,"Diversity & Inclusion; Health, Lifestyle & Wellbeing; Inspirational; Sport",NSW (Sydney),Gender: Female
Magdalena Roze,Environment & Climate Change; Master of Ceremonies (MCs) & Hosts; Media,NSW (Sydney),Gender: Female
Maggie Beer AO,"Business; Celebrity; Food & Wine; Health, Lifestyle & Wellbeing",SA,Gender: Female
Mahe Drysdale,Inspirational; Sport,New Zealand (Auckland),Gender: Male
Major General Paul Symon AO (Retd),Leadership; Military; Politics & Law; Social Trends & Current Affairs; World Affairs,ACT (Canberra),Gender: Male
Mal Meninga OAM,Celebrity; Motivational; Sport,ACT (Canberra),Gender: Male
Malcolm Turnbull,Advertising & Marketing; After Dinner Speakers; Business; Leadership; Politics & Law; Social Trends & Current Affairs,NSW (Sydney),Gender: Male
Manal al-Sharif,"Diversity & Inclusion; Leadership; Resilience; Technology, Future & Innovation",NSW (Sydney),Gender: Female
Mandy Johnson,Business,QLD,Gender: Female
Mandy Nolan,Diversity & Inclusion; Inspirational; Leadership; Master of Ceremonies (MCs) & Hosts; People & Culture; Storytelling,NSW (Mullumbimby),Gender: Female
Manoj Menon,"Business; Technology, Future & Innovation",International (Malaysia),Gender: Male
Marc Randolph,Business; Creativity & Innovation,International (USA),Gender: Male
Marcia Griffin,Business; People & Culture,VIC (Melbourne),Gender: Female
Marcia Hines,Celebrity,NSW (Sydney),Gender: Female
Marco Sanmartino,"Health, Lifestyle & Wellbeing; Inspirational; Mental Health & Wellness; Motivational",WA (Perth),Gender: Male
Marcus Pearce,"Health, Lifestyle & Wellbeing; Leadership; Mental Health & Wellness; Resilience; Virtual",QLD (Gold Coast),Gender: Male
Maree Davenport,Business; Diversity & Inclusion; Leadership; Politics & Law,VIC (Melbourne),Gender: Female
Marianna Pascal,Business; Diversity & Inclusion; Inspirational; People & Culture,International (Asia; Malaysia),Gender: Female
Marina  Prior,,VIC,Gender: Female
Marise Maechler,Master of Ceremonies (MCs) & Hosts,NSW (Sydney),Gender: Female
Mark 'Squiz' Squirrell OAM,"Adventurers; After Dinner Speakers; Health, Lifestyle & Wellbeing; Leadership; Motivational; People & Culture; Resilience; Storytelling; Team Building",VIC (Melbourne),Gender: Male
Mark Aiston,"Celebrity; Health, Lifestyle & Wellbeing; Inspirational; Master of Ceremonies (MCs) & Hosts; Media; Mental Health & Wellness; Motivational; People & Culture; Sport",SA (Adelaide),Gender: Male
Mark Atkins,Indigenous Speakers; Virtual,NSW (Sydney),Gender: Male
Mark Beretta OAM,After Dinner Speakers; Celebrity; Master of Ceremonies (MCs) & Hosts,NSW (Sydney),Gender: Male
Mark Bosnich,Celebrity; Media; Sport,NSW (Sydney),Gender: Male
Mark Bouris AM,Business; Economy & Finance; Leadership,NSW (Sydney),Gender: Male
Mark Bunn,"Authors; Business; Health, Lifestyle & Wellbeing; Intergenerational Influencers; Mental Health & Wellness; Sport",International; VIC (Bali; Melbourne),Gender: Male
Mark Cameron,"AI; Business; Creativity & Innovation; Social Media & Networking; Technology, Future & Innovation; Virtual",VIC (Melbourne),Gender: Male
Mark Carter,Business; Creativity & Innovation; Leadership; People & Culture,VIC (Melbourne),Gender: Male
Mark Coopersmith,Business; Leadership,International (USA),Gender: Male
Mark Dobson,"Education; Health, Lifestyle & Wellbeing; Leadership; Motivational; Sport",VIC (Melbourne),Gender: Male
Mark Donaldson VC,Inspirational; Leadership; Military; Motivational; World Affairs,NSW (Sydney),Gender: Male
Mark Edmondson,Business; Inspirational; Leadership; Motivational; Sport,QLD (Gold Coast),Gender: Male
Mark Gallagher,"Creativity & Innovation; Health, Lifestyle & Wellbeing; Leadership; Motivational; Resilience; Sport; Sustainability; Team Building; Technology, Future & Innovation",International; SA (Adelaide; UK),Gender: Male
Mark Hodgson,Business; Creativity & Innovation; Leadership; Motivational; People & Culture,NSW (Sydney),Gender: Male
Mark Hughes OAM,"Health, Lifestyle & Wellbeing; Inspirational; Master of Ceremonies (MCs) & Hosts; Motivational; People & Culture; Sport",NSW (Newcastle),Gender: Male
Mark Humphries,Master of Ceremonies (MCs) & Hosts,NSW (Sydney),Gender: Male
Mark Inglis,Adventurers; Diversity & Inclusion; Inspirational; Motivational; Sport,New Zealand (South Island),Gender: Male
Mark Jeffries,Business; Economy & Finance; Master of Ceremonies (MCs) & Hosts; Social Media & Networking,International (USA),Gender: Male
Mark Jones,"Business; Leadership; Media; Storytelling; Technology, Future & Innovation; Virtual",NSW (Sydney),Gender: Male
Mark Mathews,Inspirational; Leadership; Motivational; Sport; Team Building; Virtual,QLD (Brisbane; Gold Coast),Gender: Male
Mark McConville,"After Dinner Speakers; Health, Lifestyle & Wellbeing; Mental Health & Wellness; Team Building; Virtual",QLD (Gold Coast),Gender: Male
Mark McCrindle,"Business; Diversity & Inclusion; Intergenerational Influencers; Leadership; Technology, Future & Innovation",NSW (Sydney),Gender: Male
Mark McKeon,"Authors; Business; Health, Lifestyle & Wellbeing; Leadership; Master of Ceremonies (MCs) & Hosts; People & Culture; Resilience; Sport; Team Building",VIC (Melbourne),Gender: Male
Mark Occhilupo,Sport,QLD (Brisbane),Gender: Male
Mark Philippoussis,Master of Ceremonies (MCs) & Hosts; Motivational; Resilience; Sport,VIC (Torquay),Gender: Male
Mark Readings,Master of Ceremonies (MCs) & Hosts; Sport,WA (Perth),Gender: Male
Mark Schulman,Motivational; Virtual,International (USA),Gender: Male
Mark Skaife OAM,Media; Motivational; Sport,VIC (Melbourne),Gender: Male
Mark Stuart,"Business; Creativity & Innovation; Leadership; Master of Ceremonies (MCs) & Hosts; Technology, Future & Innovation",International (Asia; Singapore),Gender: Male
Mark Taylor AO,Media; Sport; Team Building,NSW (Sydney),Gender: Male
Mark Thomas,Business; Media,TAS (Hobart),Gender: Male
Mark Visser,Inspirational; Resilience; Sport; Team Building,QLD (Sunshine Coast),Gender: Male
Mark Wales,"Business; Health, Lifestyle & Wellbeing; Leadership; Military; Resilience; Team Building; Virtual",VIC (Melbourne),Gender: Male
Mark Webber,Celebrity; Sport,International (UK),Gender: Male
Mark Williams,Leadership; Master of Ceremonies (MCs) & Hosts; Sport; Team Building,VIC (Melbourne),Gender: Male
Marlee Silva,Diversity & Inclusion; Indigenous Speakers; Inspirational; Master of Ceremonies (MCs) & Hosts; Media; Motivational; People & Culture; Resilience; Storytelling,NSW (Sydney),Gender: Female
Marley Biyendolo,"Health, Lifestyle & Wellbeing; Master of Ceremonies (MCs) & Hosts; Sport",International (USA),Gender: Male
Martin Butler,Advertising & Marketing; Business; Creativity & Innovation,International (UK),Gender: Male
Martin D Adams,"AI; Business; Creativity & Innovation; Technology, Future & Innovation",International (Mexico),Gender: Male
Martina Navratilova,Sport,International (USA),Gender: Female
Marty Fields,Virtual,VIC (Melbourne),Gender: Male
Marty Wilson,Business; Motivational; Virtual,QLD,Gender: Male
Mary Coustas,Celebrity,NSW (Sydney),Gender: Female
Maske,,QLD,Gender: Female
Matina Jewell,Adventurers; After Dinner Speakers; Authors; Business; Inspirational; Leadership; Military; Motivational; Team Building,QLD (Brisbane),Gender: Female
Matt Barrie,Business; Creativity & Innovation; Leadership,NSW (Sydney),Gender: Male
Matt Church,"Business; Leadership; Master of Ceremonies (MCs) & Hosts; Motivational; Technology, Future & Innovation",NSW (Sydney),Gender: Male
Matt Formston  AM,Business; Diversity & Inclusion; Inspirational; Motivational; Resilience; Sport,NSW (Sydney),Gender: Male
Matt Hale,"Health, Lifestyle & Wellbeing; Mental Health & Wellness",WA (Perth),Gender: Male
Matt Hetherington,Master of Ceremonies (MCs) & Hosts,International (USA),Gender: Male
Matt Heyward,Inspirational; Mental Health & Wellness; Storytelling,VIC (Melbourne),Gender: Male
Matt Hughes,"Business; Health, Lifestyle & Wellbeing; Leadership; Resilience; Team Building",NSW (Merewether),Gender: Male
Matt Okine,Master of Ceremonies (MCs) & Hosts,QLD (Brisbane),Gender: Male
Matt Preston,Celebrity; Food & Wine,VIC (Melbourne),Gender: Male
Matt Priddis,Inspirational; Leadership; Motivational; Sport,WA (Perth),Gender: Male
Matt Rockman,Business,VIC,Gender: Male
Matt Shirvington,Celebrity; Sport,NSW (Sydney),Gender: Male
Matt Skinner,Authors; Celebrity; Food & Wine; Master of Ceremonies (MCs) & Hosts; Media,NSW,Gender: Male
Matt Tarrant,Master of Ceremonies (MCs) & Hosts,SA (Adelaide),Gender: Male
Matt Tenney,Authors; Business; Creativity & Innovation; Inspirational; Leadership; Master of Ceremonies (MCs) & Hosts; Motivational; People & Culture,International (USA),Gender: Male
Matt Tilley,Celebrity; Master of Ceremonies (MCs) & Hosts,VIC (Melbourne),Gender: Male
Matthew Cowdrey OAM,Inspirational; Sport,SA (Adelaide),Gender: Male
Matthew Evans,Celebrity; Environment & Climate Change; Food & Wine; Sustainability,TAS (Hobart),Gender: Male
Matthew Johns,Master of Ceremonies (MCs) & Hosts; Motivational; Sport,NSW (Sydney),Gender: Male
Matthew Luhn,Authors; Business; Creativity & Innovation; Storytelling,International (USA),Gender: Male
Matthew Mitcham OAM,Authors; Celebrity; Motivational; Sport,International (UK),Gender: Male
Matthew Pavlich,Business; Leadership; Media; Sport,NSW (Sydney),Gender: Male
Matthew Pollard,Business; Leadership,International (USA),Gender: Male
Matthew Richardson,Media; Sport; Team Building,VIC,Gender: Male
Matty Mills,After Dinner Speakers; Diversity & Inclusion; Master of Ceremonies (MCs) & Hosts; Media,NSW (Sydney),Gender: Male
Maz Farrelly,Business; Creativity & Innovation; Leadership; Media; Motivational; People & Culture; Social Media & Networking; Social Trends & Current Affairs; Virtual,NSW,Gender: Female
Meg Coffey,Advertising & Marketing; Business; Social Media & Networking,WA (Perth),Gender: Female
Megan Gilmour,"Business; Creativity & Innovation; Education; Technology, Future & Innovation",ACT (Canberra),Gender: Female
Megan Waters,Diversity & Inclusion; Indigenous Speakers; Master of Ceremonies (MCs) & Hosts; Sport,VIC (Melbourne),Gender: Female
Mel Buttle,Master of Ceremonies (MCs) & Hosts; Virtual,QLD (Brisbane),Gender: Female
Melanie Bracewell,Celebrity; Master of Ceremonies (MCs) & Hosts,New Zealand; VIC (Auckland; Melbourne),Gender: Female
Melanie Irons,"Environment & Climate Change; Health, Lifestyle & Wellbeing; Leadership; Social Media & Networking",TAS (Hobart),Gender: Female
Melanie Symons,Celebrity; Master of Ceremonies (MCs) & Hosts; Motivational,NSW (Sydney),Gender: Female
Melinda Gainsford-Taylor,Inspirational; Motivational; Sport,NSW,Gender: Female
Melinda Schneider,,NSW,Gender: Female
Melissa Clark-Reynolds,"Business; Leadership; Technology, Future & Innovation",New Zealand (Auckland),Gender: Female
Melissa Wu,Inspirational; Mental Health & Wellness; Motivational; Resilience; Sport,NSW (Sydney),Gender: Female
Melo Calarco,"Health, Lifestyle & Wellbeing; Leadership; Mental Health & Wellness; Resilience; Team Building",VIC (Melbourne),Gender: Male
Melody Horrill,Environment & Climate Change; Inspirational; Media; Mental Health & Wellness; Resilience,VIC (Melbourne),Gender: Female
Merrick Watts,Master of Ceremonies (MCs) & Hosts; Media,NSW (Sydney),Gender: Male
Merv Hughes,After Dinner Speakers; Celebrity; Motivational; Sport,VIC (Melbourne),Gender: Male
Meshel Laurie,Master of Ceremonies (MCs) & Hosts,VIC (Melbourne),Gender: Female
Metta World Peace,"Diversity & Inclusion; Health, Lifestyle & Wellbeing; Leadership; Mental Health & Wellness; Sport; Team Building",International (USA),Gender: Male
Mette Johansson,Business; Diversity & Inclusion; Leadership; People & Culture,International (Asia; Singapore),Gender: Female
Michael Bevan,Celebrity; Motivational; Sport,NSW (Sydney),Gender: Male
Michael Biercuk,"Creativity & Innovation; Technology, Future & Innovation",NSW (Sydney),Gender: Male
Michael Clarke AO,After Dinner Speakers; Business; Leadership; Motivational; People & Culture; Sport,NSW (Sydney),Gender: Male
Michael Crossland,"Education; Health, Lifestyle & Wellbeing; Inspirational; Motivational; Resilience; Virtual",NSW (Coffs Harbour),Gender: Male
Michael Groom,Adventurers; Inspirational; Motivational; Team Building,QLD,Gender: Male
Michael Henderson,Business; Diversity & Inclusion; Education; Leadership; Social Trends & Current Affairs; Team Building,New Zealand (Auckland),Gender: Male
Michael Hing,Diversity & Inclusion; Master of Ceremonies (MCs) & Hosts; Media; Mental Health & Wellness; Social Trends & Current Affairs,NSW (Sydney),Gender: Male
Michael Kasprowicz,Business; Leadership; Motivational; Sport,QLD (Gold Coast),Gender: Male
Michael Klim,Sport,VIC (Melbourne),Gender: Male
Michael Licenblat,Business; Mental Health & Wellness; People & Culture; Virtual,VIC (Melbourne),Gender: Male
Michael Margolis,"Business; Creativity & Innovation; Social Trends & Current Affairs; Storytelling; Technology, Future & Innovation",International (USA),Gender: Male
Michael McQueen,"AI; Business; Intergenerational Influencers; Leadership; Social Trends & Current Affairs; Technology, Future & Innovation",NSW (Sydney),Gender: Male
Michael Milton OAM,Celebrity; Diversity & Inclusion; Inspirational; Resilience; Sport,ACT (Canberra),Gender: Male
Michael Pascoe,Authors; Business; Celebrity; Economy & Finance; Master of Ceremonies (MCs) & Hosts; Media,NSW (Sydney),Gender: Male
Michael Podolinsky,Business; Leadership; Master of Ceremonies (MCs) & Hosts,International (Asia; Singapore),Gender: Male
Michael Pope,Celebrity; Master of Ceremonies (MCs) & Hosts; Virtual,VIC (Melbourne),Gender: Male
Michael Roberts,Celebrity; Master of Ceremonies (MCs) & Hosts; Media; Sport,VIC (Melbourne),Gender: Male
Michael Rolls,"Diversity & Inclusion; Education; Health, Lifestyle & Wellbeing; Inspirational; Sport",VIC (Melbourne),Gender: Male
Michael Rowland,Master of Ceremonies (MCs) & Hosts,QLD (Sunshine Coast),Gender: Male
Michael Sheldrick,"Environment & Climate Change; Inspirational; Intergenerational Influencers; Social Trends & Current Affairs; Sustainability; Technology, Future & Innovation; World Affairs",International (USA),Gender: Male
Michael Sherlock,Business; Leadership,QLD (Brisbane),Gender: Male
Michael Solomon,Business,International (USA),Gender: Male
Michael Usher,Celebrity; Master of Ceremonies (MCs) & Hosts; World Affairs,NSW (Sydney),Gender: Male
Michael Voss,Leadership; Motivational; Sport; Team Building,VIC (Melbourne),Gender: Male
Michael Weston,"Health, Lifestyle & Wellbeing; Inspirational; Mental Health & Wellness; Motivational",WA (Perth),Gender: Male
Michel Falcon,Business; Intergenerational Influencers; Team Building,International (Canada),Gender: Male
Michele Chevalley Hedge,"Business; Health, Lifestyle & Wellbeing; Leadership; People & Culture; Virtual",NSW (Sydney),Gender: Female
Michelle Bridges,"Health, Lifestyle & Wellbeing",NSW (Sydney),Gender: Female
Michelle Cowan,"Business; Diversity & Inclusion; Health, Lifestyle & Wellbeing; Inspirational; Leadership; Motivational; Sport; Team Building; Virtual",WA (Perth),Gender: Female
Michelle Lee,Adventurers; Inspirational; Motivational; People & Culture; Sport,NSW (Sydney),Gender: Female
Michelle Loch,Business; Leadership; Mental Health & Wellness; People & Culture,QLD (Brisbane),Gender: Female
Michelle Ray,Leadership; Motivational,International (USA),Gender: Female
Michelle Stanton,"Education; Health, Lifestyle & Wellbeing; Leadership; Master of Ceremonies (MCs) & Hosts; Motivational",VIC (Melbourne),Gender: Female
Mick Colliss,Authors; Motivational; Sport; Storytelling; Virtual,,Gender: Male
Mick Malthouse,After Dinner Speakers; Celebrity; Leadership; Motivational; Sport; Team Building,VIC,Gender: Male
Mick Spencer,Business,ACT,Gender: Male
Mickey J,After Dinner Speakers,WA (Perth),Gender: Male
Midge Ure,Business; Celebrity; Creativity & Innovation; Inspirational; Intergenerational Influencers; Leadership; Master of Ceremonies (MCs) & Hosts; Motivational; Storytelling; Sustainability; World Affairs,International (UK),Gender: Male
Miguel Maestre,Celebrity; Food & Wine,NSW (Sydney),Gender: Male
Mika Hakkinen,Motivational; Resilience; Sport,International (UK),Gender: Male
Mike & Jane Pelusey,"Health, Lifestyle & Wellbeing; Team Building",WA (Perth),
Mike Brady AM,Celebrity; Environment & Climate Change; Inspirational; Motivational,VIC (Melbourne),Gender: Male
Mike Donaghy,Master of Ceremonies (MCs) & Hosts,QLD (Gold Coast),Gender: Male
Mike Handcock,Business; Economy & Finance,New Zealand (North Island),Gender: Male
Mike Knapp,"AI; Business; Creativity & Innovation; Diversity & Inclusion; Mental Health & Wellness; Team Building; Technology, Future & Innovation",NSW (Australia),Gender: Male
Mike Larkan,Celebrity; Master of Ceremonies (MCs) & Hosts; Media,VIC (Melbourne),Gender: Male
Mike Lough,"After Dinner Speakers; Social Trends & Current Affairs; Technology, Future & Innovation",New Zealand (Auckland),Gender: Male
Mike Munro AM,After Dinner Speakers; Celebrity; Inspirational; Master of Ceremonies (MCs) & Hosts; Media; Motivational; Politics & Law; World Affairs,NSW,Gender: Male
Mike Rhodes,Advertising & Marketing; Business; Creativity & Innovation,VIC (Melbourne),Gender: Male
Mike Rutzen,Adventurers,International (USA),Gender: Male
Mike Smith,Adventurers; Advertising & Marketing; Business; Creativity & Innovation; Environment & Climate Change; Sustainability,NSW (Byron Bay; Mullumbimby),Gender: Male
Mike Smithson,Celebrity; Economy & Finance; Environment & Climate Change; Master of Ceremonies (MCs) & Hosts; Media; Politics & Law; Social Trends & Current Affairs,SA (Adelaide),Gender: Male
Mike Symonds,Business; Leadership; People & Culture,NSW (Coffs Harbour),Gender: Male
Mike Walsh,"Adventurers; AI; Business; Media; Technology, Future & Innovation",NSW (Sydney),Gender: Male
Mike Whitney,Master of Ceremonies (MCs) & Hosts; Sport,NSW,Gender: Male
Mikey Robins,Celebrity; Leadership; Master of Ceremonies (MCs) & Hosts; Motivational,NSW (Sydney),Gender: Male
Millen Baird,Celebrity,New Zealand (Auckland),Gender: Male
Milo Wilkinson,Business; Leadership; People & Culture,NSW (Sydney),Gender: Female
Mim Parisi,"Diversity & Inclusion; Health, Lifestyle & Wellbeing; Inspirational; Leadership; Motivational",VIC (Melbourne),Gender: Female
Mimi Kwa,"Authors; Business; Celebrity; Diversity & Inclusion; Health, Lifestyle & Wellbeing; Inspirational; Master of Ceremonies (MCs) & Hosts; Mental Health & Wellness; Motivational; People & Culture; Resilience; Storytelling",VIC (Melbourne),Gender: Female
Mimi Nicklin,Business; Diversity & Inclusion; Inspirational; Intergenerational Influencers; Leadership,International (Malaysia),Gender: Female
Mindy Woods,Celebrity; Diversity & Inclusion; Food & Wine; Indigenous Speakers; Sustainability,NSW (Ballina),Gender: Female
Misha Glenny,"Politics & Law; Technology, Future & Innovation; World Affairs",International (UK),Gender: Male
Miss Bird Sings,,NSW,Gender: Female
Mitch Brown,Diversity & Inclusion; Inspirational; Leadership; Resilience; Sport; Storytelling,VIC (Melbourne),Gender: Male
Mitch Churi,"Creativity & Innovation; Diversity & Inclusion; Health, Lifestyle & Wellbeing; Master of Ceremonies (MCs) & Hosts; Media; Sport",NSW (Sydney),Gender: Male
Mitch Lowe,"Business; Creativity & Innovation; Team Building; Technology, Future & Innovation",International (USA),Gender: Male
Mitch McPherson,"Health, Lifestyle & Wellbeing; Inspirational; Mental Health & Wellness; Motivational",TAS (Hobart),Gender: Male
Mitch Wallis,"Health, Lifestyle & Wellbeing; Inspirational; Leadership; Master of Ceremonies (MCs) & Hosts; Mental Health & Wellness; Motivational; People & Culture; Storytelling",NSW (Sydney),Gender: Male
Mitchell Johnson,Business; Leadership; Mental Health & Wellness; Motivational; Resilience; Sport,WA (Perth),Gender: Male
Moana Hope,Diversity & Inclusion; Leadership; Sport,VIC (Melbourne),Gender: Female
Moira Kelly AO,Celebrity; Inspirational,VIC (Melbourne),Gender: Female
Molly Benjamin,Business; Economy & Finance; Education; Leadership; Master of Ceremonies (MCs) & Hosts,QLD (Brisbane),Gender: Female
Molly Bloom,Business; Creativity & Innovation; Economy & Finance,International (USA),Gender: Female
Monica Moore,After Dinner Speakers; Business; Education; Inspirational; Resilience; Storytelling,New Zealand (Auckland),Gender: Female
Monty Cotton,Virtual,WA (Perth),Gender: Male
Morinosuke Kawaguchi,"Business; Leadership; Sustainability; Technology, Future & Innovation",International (Japan),Gender: Male
Morris Misel,"Advertising & Marketing; Business; Creativity & Innovation; Intergenerational Influencers; Social Media & Networking; Social Trends & Current Affairs; Technology, Future & Innovation; Virtual",VIC (Melbourne),Gender: Male
Moya Dodd AO,Business; Diversity & Inclusion; Leadership; Politics & Law; Resilience; Sport,NSW (Sydney),Gender: Female
Mr Joe Hockey,Business; Economy & Finance; Leadership; Politics & Law; Virtual; World Affairs,International (USA),Gender: Male
Mukul Deva,Business; Inspirational; Leadership; Master of Ceremonies (MCs) & Hosts; Motivational; Team Building; Virtual,International (Asia; Singapore),Gender: Male
Myf Warhurst,Celebrity; Master of Ceremonies (MCs) & Hosts; Media; People & Culture,VIC (Melbourne),Gender: Female
Nadia Owen,Business; Leadership; Resilience; Storytelling,WA (Perth),Gender: Female
Nam Baldwin,"Business; Health, Lifestyle & Wellbeing; Inspirational; Leadership; Motivational; People & Culture; Sport; Team Building",QLD (Gold Coast),Gender: Male
Nancy Rademaker,"Technology, Future & Innovation",International (Europe; Netherlands),Gender: Female
Naomi Henn,"AI; Business; Diversity & Inclusion; Economy & Finance; Leadership; Technology, Future & Innovation",NSW (Sydney),Gender: Female
Narelda Jacobs,Celebrity; Diversity & Inclusion; Indigenous Speakers; Media,NSW (Sydney),Gender: Female
Narelle Belle,,WA (Perth),Gender: Female
Narelle Fraser,"After Dinner Speakers; Business; Health, Lifestyle & Wellbeing; Inspirational; Mental Health & Wellness; Motivational; People & Culture; Politics & Law",VIC (Echuca),Gender: Female
Nasir Sobhani,"Health, Lifestyle & Wellbeing; Inspirational; Mental Health & Wellness; Motivational; Resilience; Storytelling",VIC (Geelong; Melbourne),Gender: Male
Nat Kringoudis,"Education; Health, Lifestyle & Wellbeing",VIC (Melbourne),Gender: Female
Natalee Johnston,"Diversity & Inclusion; Health, Lifestyle & Wellbeing; Leadership; Master of Ceremonies (MCs) & Hosts; Military; People & Culture",NSW (Canberra; Sydney),Gender: Female
Natalia Cooper,Master of Ceremonies (MCs) & Hosts,WA (Perth),Gender: Female
Natalie Barr,Celebrity; Master of Ceremonies (MCs) & Hosts; Media,NSW (Sydney),Gender: Female
Natalie Cook OAM OLY,Authors; Inspirational; Motivational; Sport,QLD (Brisbane),Gender: Female
Natalie Kyriacou OAM,Business; Diversity & Inclusion; Environment & Climate Change; Inspirational; Leadership; Sustainability,NSW (Sydney),Gender: Female
Natalie Turner,"Business; Creativity & Innovation; Leadership; People & Culture; Technology, Future & Innovation",International (Asia; Kuala Lumpur),Gender: Female
Natalie Waters,Adventurers; Business; Inspirational; Motivational; Team Building; Virtual,QLD (Sunshine Coast),Gender: Female
Natasha Etschmann,Business; Economy & Finance; Social Media & Networking,VIC (Melbourne),Gender: Female
Natasha Lester,Business; Diversity & Inclusion; Inspirational; Leadership,WA (Perth),Gender: Female
Natasha Pincus,Creativity & Innovation; Master of Ceremonies (MCs) & Hosts,VIC (Melbourne),Gender: Female
Natasha Short,Business; Indigenous Speakers; Inspirational; Leadership; People & Culture; Storytelling,WA (Kimberley),Gender: Female
Natasha Stott Despoja AO,After Dinner Speakers; Business; Leadership; Politics & Law; Storytelling; World Affairs,SA (Adelaide),Gender: Female
Nathan Buckley,"Business; Health, Lifestyle & Wellbeing; Leadership; Sport; Team Building",VIC (Melbourne),Gender: Male
Nathan Sharpe,Leadership; Sport; Team Building,QLD (Brisbane),Gender: Male
Nathan Strempel,Master of Ceremonies (MCs) & Hosts,NSW (Sydney),Gender: Male
Naureen Alam MIEAust CPEng NER,"Diversity & Inclusion; Leadership; People & Culture; Sustainability; Technology, Future & Innovation",QLD (Brisbane),Gender: Female
Nazeem Hussain,Diversity & Inclusion; Master of Ceremonies (MCs) & Hosts; Virtual,VIC (Melbourne),Gender: Male
Neale Whitaker,"After Dinner Speakers; Authors; Celebrity; Health, Lifestyle & Wellbeing; Master of Ceremonies (MCs) & Hosts; Media",NSW (Sydney),Gender: Male
Nedd Brockmann,"Health, Lifestyle & Wellbeing; Inspirational; Motivational; Resilience; Sport",NSW (Sydney),Gender: Male
Neil Balme,"After Dinner Speakers; Creativity & Innovation; Health, Lifestyle & Wellbeing; Sport; Storytelling",VIC (Melbourne),Gender: Male
Neil Cross,Celebrity; Media,SA (Adelaide),Gender: Male
Nelson Aspen,Celebrity; Media,International (USA),Gender: Male
Neo Aplin,"AI; Business; Technology, Future & Innovation",VIC (Melbourne),Gender: Male
Neryl Joyce,Leadership; Military; Motivational; Team Building,WA (Perth),Gender: Female
Ngahihi o te ra Bidois (Ngahi),Authors; Business; Inspirational; Leadership; Motivational; People & Culture; Team Building; Virtual,New Zealand (Rotorua),Gender: Male
Nick Abrahams,"AI; Business; Creativity & Innovation; Leadership; Technology, Future & Innovation",NSW (Sydney),Gender: Male
Nick Bartlett,Master of Ceremonies (MCs) & Hosts; Virtual,NSW (Sydney),Gender: Male
Nick Bowditch,Business; Inspirational; Motivational; People & Culture,NSW (Sydney),Gender: Male
Nick Bryant,After Dinner Speakers; Master of Ceremonies (MCs) & Hosts; Politics & Law; Storytelling; World Affairs,NSW (Sydney),Gender: Male
Nick Caldwell,Business; Inspirational; Leadership; Motivational; Team Building,WA (Perth),Gender: Male
Nick Cummins,Adventurers; Celebrity; Inspirational; Mental Health & Wellness; Resilience; Sport; Storytelling,QLD (Brisbane),Gender: Male
Nick Earls,After Dinner Speakers; Creativity & Innovation; Education; Virtual,QLD (Brisbane),Gender: Male
Nick Farr-Jones AM,Celebrity; Inspirational; Leadership; Motivational; Sport; Team Building,NSW (Sydney),Gender: Male
Nick Gorman,Business; Leadership; Mental Health & Wellness; Resilience,NSW (Sydney),Gender: Male
Nick Green OAM OLY,Celebrity; Sport,VIC,Gender: Male
Nick Jonsson,"Business; Health, Lifestyle & Wellbeing; Mental Health & Wellness; Resilience",International (Asia; Singapore),Gender: Male
Nick Marvin,Business; Leadership; People & Culture; Sport,WA (Perth),Gender: Male
Nick McKenzie,Media; Politics & Law; Social Trends & Current Affairs,VIC,Gender: Male
Nick Molnar,Business,International (USA),Gender: Male
Nick Rado,Master of Ceremonies (MCs) & Hosts,New Zealand (Wellington),Gender: Male
Nicki Hutley,Business; Economy & Finance; Social Trends & Current Affairs,NSW (Sydney),Gender: Female
Nicky Buckley,"Business; Celebrity; Health, Lifestyle & Wellbeing; Inspirational; Master of Ceremonies (MCs) & Hosts; Motivational",VIC (Melbourne),Gender: Female
Nicole Livingstone AO OLY,Business; Celebrity; Diversity & Inclusion; Leadership; Master of Ceremonies (MCs) & Hosts; Sport; Team Building,VIC (Melbourne),Gender: Female
Nicole Velik,Business; Creativity & Innovation; Leadership; Master of Ceremonies (MCs) & Hosts; People & Culture,NSW (Sydney),Gender: Female
Nicole Webb,Celebrity; Master of Ceremonies (MCs) & Hosts; Media; People & Culture,NSW (Sydney),Gender: Female
Nicolette Rubinsztein AM,"Business; Diversity & Inclusion; Economy & Finance; Health, Lifestyle & Wellbeing; Intergenerational Influencers; Leadership; Virtual",NSW (Sydney),Gender: Female
Nigel,Master of Ceremonies (MCs) & Hosts,QLD (Brisbane),Gender: Male
Nigel Brennan,Celebrity; Inspirational; Motivational; World Affairs,TAS (Hobart),Gender: Male
Nigel Collin,Business; Creativity & Innovation; Leadership; Master of Ceremonies (MCs) & Hosts; Team Building; Virtual,NSW (Sydney),Gender: Male
Nigel Marsh,Business; Creativity & Innovation; Leadership; Master of Ceremonies (MCs) & Hosts; Virtual,NSW,Gender: Male
Nigel Phair,"Business; Economy & Finance; Technology, Future & Innovation",ACT (Canberra),Gender: Male
Nigel Stanislaus,"Business; Celebrity; Creativity & Innovation; Health, Lifestyle & Wellbeing; Master of Ceremonies (MCs) & Hosts; Social Trends & Current Affairs",VIC (Melbourne),Gender: Male
Nigella Lawson,"Food & Wine; Health, Lifestyle & Wellbeing; Media",International (UK),Gender: Female
Nik and Harry Robinson,Business; Creativity & Innovation; Inspirational; Motivational; Resilience; Sustainability,NSW (Sydney),Gender: Male
Nikki Britton,Master of Ceremonies (MCs) & Hosts; Virtual,NSW (Sydney),Gender: Female
Nikki Greenberg,"AI; Business; Creativity & Innovation; Inspirational; Intergenerational Influencers; Technology, Future & Innovation",International (USA),Gender: Female
Nikki Osborne,Master of Ceremonies (MCs) & Hosts,QLD (Brisbane),Gender: Female
Nils Vesk,"AI; Business; Creativity & Innovation; Leadership; Technology, Future & Innovation",NSW (Sydney),Gender: Male
Nishant Kasibhatla,Business; Leadership; Motivational; Team Building,International (Asia; Singapore),Gender: Male
Noel Pearson,Diversity & Inclusion; Environment & Climate Change; Indigenous Speakers; Social Trends & Current Affairs,QLD (Brisbane; Sunshine Coast),Gender: Male
Noel Whittaker AM,Business; Economy & Finance,QLD,Gender: Male
Noémie Fox OAM,Business; Celebrity; Diversity & Inclusion; Inspirational; Media; Motivational; Resilience; Sport; Storytelling,NSW (Sydney),Gender: Female
Noni Hazlehurst AM,Celebrity; Master of Ceremonies (MCs) & Hosts,NSW (Sydney),Gender: Female
Noor Azizah,Diversity & Inclusion; Inspirational; Leadership; People & Culture; Social Trends & Current Affairs; World Affairs,NSW (Sydney),Gender: Female
Nora Fraser,Business; Diversity & Inclusion; Leadership; People & Culture,QLD (Brisbane),Gender: Female
Nornie Bero,Business; Creativity & Innovation; Food & Wine; Indigenous Speakers,VIC (Melbourne),Gender: Female
Nova Peris OAM OLY,Celebrity; Indigenous Speakers; Motivational; Politics & Law; Sport,NT (Darwin),Gender: Female
Nury Vittachi,After Dinner Speakers; Authors; Business; Economy & Finance,International (Asia; Hong Kong),Gender: Male
Olive Mae,Creativity & Innovation; Inspirational,WA (Busselton; Perth),Gender: Female
Oliver Peterson,Celebrity; Master of Ceremonies (MCs) & Hosts,WA (Perth),Gender: Male
Olivia Arezzolo,"After Dinner Speakers; Business; Celebrity; Health, Lifestyle & Wellbeing; Mental Health & Wellness; Virtual",NSW (Sydney),Gender: Female
Olivia Carr,Business; Inspirational; Leadership; Motivational; Social Media & Networking,VIC (Melbourne),Gender: Female
Ollie Ollerton,Business; Celebrity; Leadership; Motivational; Resilience; Team Building,International (UK),Gender: Male
Olympia Kwitowski,Master of Ceremonies (MCs) & Hosts,QLD (Brisbane),Gender: Female
Omar de Silva,"Business; Leadership; Mental Health & Wellness; Resilience; Technology, Future & Innovation",VIC (Melbourne),Gender: Male
Omar Johnson,"Advertising & Marketing; Business; Technology, Future & Innovation",International (USA),Gender: Male
Orange Sky,Advertising & Marketing; Business; Inspirational; Social Trends & Current Affairs,QLD (Brisbane),Gender: Male
Osamah Sami,After Dinner Speakers; Celebrity; Diversity & Inclusion; Inspirational; Motivational,VIC (Melbourne),Gender: Male
Pascale Helyar OAM,"Business; Economy & Finance; Leadership; Technology, Future & Innovation",NSW (Sydney),Gender: Female
Pat Cash,Sport,International (UK),Gender: Male
Pat Panetta,Business; Celebrity; Master of Ceremonies (MCs) & Hosts,VIC (Melbourne),Gender: Male
Patria Jafferies,Business; Leadership,WA,Gender: Female
Patrick  Hollingworth,Adventurers; Environment & Climate Change; Motivational; Sustainability,WA (Perth),Gender: Male
Patrick Duffy,People & Culture,VIC,Gender: Male
Patrick Mills,Indigenous Speakers; Sport; Team Building,International (USA),Gender: Male
Paul Barry,After Dinner Speakers; Authors; Business; Celebrity; Media; Politics & Law,NSW (Sydney),Gender: Male
Paul Carter,Adventurers; Authors,WA (Perth),Gender: Male
Paul Cosentino,Business; Education; Inspirational; Motivational,VIC (Melbourne),Gender: Male
Paul de Gelder,Adventurers; Diversity & Inclusion; Military; Motivational; Resilience,International (USA),Gender: Male
Paul Featherstone,Celebrity; Inspirational; Motivational; Team Building,NSW (Sydney),Gender: Male
Paul Gilding,Business; Environment & Climate Change; Sustainability,TAS (Hobart),Gender: Male
Paul Higgins,"Business; Creativity & Innovation; Leadership; Master of Ceremonies (MCs) & Hosts; Social Media & Networking; Social Trends & Current Affairs; Technology, Future & Innovation",VIC (Melbourne),Gender: Male
Paul Hockey,After Dinner Speakers; Inspirational; Motivational; Resilience; Team Building,QLD (Cairns),Gender: Male
Paul Hollywood,Food & Wine,International (UK),Gender: Male
Paul Huschilt,"Business; Health, Lifestyle & Wellbeing; Inspirational; Master of Ceremonies (MCs) & Hosts; Motivational",International (Canada),Gender: Male
Paul Kelly,Business; Leadership,NSW (Sydney),Gender: Male
Paul Martell,Celebrity; Master of Ceremonies (MCs) & Hosts,QLD (Gold Coast),Gender: Male
Paul McDermott,Celebrity; Virtual,NSW (Sydney),Gender: Male
Paul Mercurio AM,Celebrity; Food & Wine; Master of Ceremonies (MCs) & Hosts,VIC,Gender: Male
Paul Roos,Leadership; Motivational; Sport; Team Building,International (USA),Gender: Male
Paul Ryan,Business,NSW,Gender: Male
Paul Smith,Business; Creativity & Innovation; Leadership,NSW,Gender: Male
Paul Spinks,"After Dinner Speakers; Health, Lifestyle & Wellbeing; Inspirational; Mental Health & Wellness; Motivational",QLD,Gender: Male
Paul Taylor,,VIC (Melbourne; Mornington Peninsula),Gender: Male
Paul Wade OAM,Leadership; Motivational; Resilience; Sport,NSW (Sydney),Gender: Male
Paul Wallbank,"Business; Creativity & Innovation; Technology, Future & Innovation",NSW (Sydney),Gender: Male
Pauline Nguyen,"Business; Health, Lifestyle & Wellbeing; Inspirational; Leadership; Motivational; Resilience",NSW (Sydney),Gender: Female
Peggy O'Neal AO,Business; Diversity & Inclusion; Inspirational; Leadership; Motivational; Sport; Virtual,VIC (Melbourne),Gender: Female
Penelope Twemlow,"Business; Diversity & Inclusion; Leadership; Military; Motivational; People & Culture; Technology, Future & Innovation",QLD (Brisbane),Gender: Female
Penny Burke,Business; Leadership,VIC (Melbourne),Gender: Female
Penny Locaso,Business; Inspirational; Leadership; Motivational,VIC (Melbourne),Gender: Female
Pete Ceglinski,"Business; Creativity & Innovation; Education; Environment & Climate Change; Inspirational; Motivational; Sustainability; Technology, Future & Innovation; Virtual",NSW (Sydney),Gender: Male
Pete Goss MBE,Adventurers; Business; Creativity & Innovation; Inspirational; Team Building,International (UK),Gender: Male
Peter Alexander,Business; Inspirational,VIC (Melbourne),Gender: Male
Peter Baines OAM,After Dinner Speakers; Inspirational; Leadership; Motivational; Team Building,NSW (Sydney),Gender: Male
Peter Bell,Motivational; Sport,WA,Gender: Male
Peter Berner,Celebrity; Master of Ceremonies (MCs) & Hosts,NSW (Sydney),Gender: Male
Peter Blasina,"Media; Technology, Future & Innovation",NSW (Sydney),Gender: Male
Peter Bol OLY,Diversity & Inclusion; Inspirational; Leadership; Motivational; Resilience; Sport; Team Building,VIC (Melbourne),Gender: Male
Peter Buckley,Business; Media,QLD (Brisbane),Gender: Male
Peter Bush,Business; Leadership; Team Building,NSW,Gender: Male
Peter Coroneos,"Business; Creativity & Innovation; Leadership; Technology, Future & Innovation; Virtual",NSW (Sydney),Gender: Male
Peter FitzSimons AM,Authors; Celebrity; Master of Ceremonies (MCs) & Hosts; Motivational; Sport; Storytelling; Team Building,NSW (Sydney),Gender: Male
Peter Hegedus,"Business; Creativity & Innovation; Education; Storytelling; Technology, Future & Innovation",QLD (Brisbane),Gender: Male
Peter Helliar,Master of Ceremonies (MCs) & Hosts,VIC (Melbourne),Gender: Male
Peter Hillary,Adventurers; Celebrity; Environment & Climate Change; Inspirational; Leadership; Motivational; Sport; Team Building,New Zealand (Auckland),Gender: Male
Peter Hutchinson,Sport,VIC,Gender: Male
Peter Irvine,Business; Leadership,NSW,Gender: Male
Peter Jennings,Business; Politics & Law; Social Trends & Current Affairs; World Affairs,ACT (Canberra),Gender: Male
Peter Kenyon,Business; Economy & Finance; People & Culture; Social Trends & Current Affairs,WA (Perth),Gender: Male
Peter Kuruvita,Food & Wine,QLD (Sunshine Coast),Gender: Male
Peter Maddison,Business; Creativity & Innovation; Social Trends & Current Affairs; Sustainability,VIC (Melbourne),Gender: Male
Peter McLean,Business; Leadership; Motivational; Team Building,WA (Perth),Gender: Male
Peter Merrett,Business; Creativity & Innovation; Leadership; Team Building,NSW (Sydney),Gender: Male
Peter Mochrie,Master of Ceremonies (MCs) & Hosts; People & Culture; Virtual,NSW (Sydney),Gender: Male
Peter Overton AM,"Celebrity; Health, Lifestyle & Wellbeing; Master of Ceremonies (MCs) & Hosts; Media; Politics & Law; World Affairs",NSW (Sydney),Gender: Male
Peter Ritchie OA,Business; Leadership,NSW,Gender: Male
Peter Rowe,Business; Leadership; Motivational,QLD (Brisbane; Coolangatta),Gender: Male
Peter Rowsthorn,Celebrity; Virtual,WA (Perth),Gender: Male
Peter Schofield,"Health, Lifestyle & Wellbeing; Mental Health & Wellness",NSW,Gender: Male
Peter Sharp,"Business; Education; Health, Lifestyle & Wellbeing; Inspirational; Motivational; Team Building",WA (Perth),Gender: Male
Peter Sheahan,"Business; Intergenerational Influencers; Social Trends & Current Affairs; Technology, Future & Innovation",NSW (Sydney),Gender: Male
Peter Shepherd,Business; Leadership; People & Culture; Resilience; Team Building,QLD (Brisbane),Gender: Male
Peter Stefanovic,Celebrity; Media; World Affairs,NSW (Sydney),Gender: Male
Peter Switzer,"Business; Celebrity; Economy & Finance; Environment & Climate Change; Leadership; Master of Ceremonies (MCs) & Hosts; Media; Technology, Future & Innovation; Virtual",NSW (NSW),Gender: Male
Peter Thompson,Celebrity; Master of Ceremonies (MCs) & Hosts; Media,NSW,Gender: Male
Peter Thurin,"Business; Health, Lifestyle & Wellbeing; Leadership; Motivational",VIC (Melbourne),Gender: Male
Peter van Onselen,Media; Politics & Law; World Affairs,NSW (Sydney),Gender: Male
Peter Williams,"Business; Creativity & Innovation; Intergenerational Influencers; Leadership; Media; Social Media & Networking; Social Trends & Current Affairs; Technology, Future & Innovation",VIC (Melbourne),Gender: Male
Peter Zeihan,"Business; Economy & Finance; Politics & Law; Technology, Future & Innovation",International (USA),Gender: Male
Petria Thomas,Celebrity; Inspirational; Mental Health & Wellness; Motivational; Sport,ACT (Canberra),Gender: Female
Petris Lapis,"Business; Health, Lifestyle & Wellbeing; Leadership; Motivational; People & Culture; Virtual",QLD (Brisbane),Gender: Female
Phil Burton OAM,Celebrity; Master of Ceremonies (MCs) & Hosts,NSW (Sydney),Gender: Male
Phil Dudman,"Education; Environment & Climate Change; Food & Wine; Health, Lifestyle & Wellbeing; Master of Ceremonies (MCs) & Hosts; Sustainability",NSW (Lismore; Sydney),Gender: Male
Phil Keoghan,Celebrity; Master of Ceremonies (MCs) & Hosts; Motivational,International (New Zealand; USA),Gender: Male
Phil Lee,Business; Inspirational; People & Culture,NSW,Gender: Male
Phil Preston,Business; Leadership; People & Culture; Resilience,TAS (Hobart),Gender: Male
Philip Smallman,"Diversity & Inclusion; Health, Lifestyle & Wellbeing; Inspirational; Virtual",VIC (Melbourne),Gender: Male
Phill Nosworthy,"Business; Creativity & Innovation; Social Trends & Current Affairs; Technology, Future & Innovation",NSW (Sydney),Gender: Male
Phillip Adams AO,After Dinner Speakers; Celebrity; Intergenerational Influencers; Master of Ceremonies (MCs) & Hosts; Media; Politics & Law,NSW (Sydney),Gender: Male
Phoenix,Business,NSW (Sydney),Gender: Male
Pia Miranda,Master of Ceremonies (MCs) & Hosts; Virtual,VIC (Melbourne),Gender: Female
Pip O'Connell,Celebrity; Master of Ceremonies (MCs) & Hosts,WA (Perth),Gender: Female
Pippa Hallas,Business,NSW (Sydney),Gender: Female
Poh Ling Yeow,Food & Wine,SA (Adelaide),Gender: Female
Pollyanna Lenkic,Diversity & Inclusion; Leadership; Motivational; Team Building,VIC (Melbourne),Gender: Female
Prabha Nandagopal,Business; Diversity & Inclusion,NSW (Sydney),Gender: Female
Prinnie Stevens,,NSW (Sydney),Gender: Female
Prof. Geoffrey Blainey AC,"Authors; Celebrity; Environment & Climate Change; Social Trends & Current Affairs; Sustainability; Technology, Future & Innovation; World Affairs",VIC,Gender: Male
Prof. Neville Norman,"Business; Economy & Finance; Master of Ceremonies (MCs) & Hosts; Social Trends & Current Affairs; Technology, Future & Innovation; World Affairs",VIC (Melbourne),Gender: Male
Professor Adam Brumm,Adventurers; After Dinner Speakers; Inspirational; Leadership; Resilience; Storytelling,QLD (Brisbane),Gender: Male
Professor Allan Pease,Authors; Business; Motivational; People & Culture,QLD,Gender: Male
Professor Andrew Scott,"Business; Economy & Finance; Education; Health, Lifestyle & Wellbeing; Intergenerational Influencers; Leadership",International (UK),Gender: Male
Professor Debbie Haski-Leventhal,Business; Inspirational; Leadership; Motivational; Sustainability,NSW (Sydney),Gender: Female
Professor George Yip,"Business; Creativity & Innovation; Technology, Future & Innovation; Virtual",International (USA),Gender: Male
Professor Georgina Long AO,"Leadership; Technology, Future & Innovation",NSW (Sydney),Gender: Female
Professor Ian Goldin,"Business; Economy & Finance; Leadership; Master of Ceremonies (MCs) & Hosts; Politics & Law; Social Trends & Current Affairs; Technology, Future & Innovation",International (UK),Gender: Male
Professor Ian Harper AO,"Business; Economy & Finance; Master of Ceremonies (MCs) & Hosts; Social Trends & Current Affairs; Technology, Future & Innovation; World Affairs",VIC (Melbourne),Gender: Male
Professor Ian Lowe AO,"Celebrity; Environment & Climate Change; Social Trends & Current Affairs; Sustainability; Technology, Future & Innovation",QLD (Brisbane),Gender: Male
Professor Jack Sim,Business; Creativity & Innovation; Leadership; Storytelling,International (Asia; Singapore),Gender: Male
Professor James Leong CSP,Business; Economy & Finance; Leadership,International (Singapore),Gender: Male
Professor Joel Pearson,"AI; Inspirational; Technology, Future & Innovation",NSW (Sydney),Gender: Male
Professor John Hale,"Business; Leadership; Master of Ceremonies (MCs) & Hosts; Motivational; Team Building; Technology, Future & Innovation",QLD (Brisbane),Gender: Male
Professor Kerryn Phelps AM,"Health, Lifestyle & Wellbeing; Mental Health & Wellness; Motivational",NSW,Gender: Female
Professor Luigi Fontana,"Health, Lifestyle & Wellbeing; Mental Health & Wellness",NSW (Sydney),Gender: Male
Professor Peter Greste,After Dinner Speakers; Inspirational; Media; Politics & Law; Resilience; World Affairs,QLD (Brisbane),Gender: Male
Professor Richard Hopkins,"Business; Creativity & Innovation; Leadership; Sport; Sustainability; Team Building; Technology, Future & Innovation",NSW (Sydney),Gender: Male
Professor Sarah Kummerfeld,"Creativity & Innovation; Education; Leadership; Technology, Future & Innovation",NSW (Sydney),Gender: Female
"Professor Sharon Lewin AO, FRACP, PhD, FAHMS","Business; Health, Lifestyle & Wellbeing; Leadership; Technology, Future & Innovation",VIC (Melbourne),Gender: Female
Professor The Honourable Bob Carr,Politics & Law,NSW (Sydney),Gender: Male
Professor The Honourable Greg Hunt,"Business; Creativity & Innovation; Environment & Climate Change; Health, Lifestyle & Wellbeing; Leadership; Politics & Law; Resilience; Sustainability; Technology, Future & Innovation",VIC (Mt Martha),Gender: Male
Professor Tim Soutphommasane,Business; Diversity & Inclusion; Education; Leadership; Politics & Law; Social Trends & Current Affairs,International (UK),Gender: Male
Professor Timothy Lynch,Business; Politics & Law; Social Trends & Current Affairs; World Affairs,VIC (Melbourne; Regional Victoria),Gender: Male
Professor Toby Walsh FAA FACM FRSN,"AI; Business; Creativity & Innovation; Technology, Future & Innovation",NSW (Sydney),Gender: Male
Professor Veena Sahajwalla,"Business; Creativity & Innovation; Leadership; Sustainability; Technology, Future & Innovation",NSW (Sydney),Gender: Female
Professor Warwick McKibbin,Business; Economy & Finance; Environment & Climate Change; Politics & Law; Social Trends & Current Affairs,ACT (Canberra),Gender: Male
Rabia Siddique,Business; Inspirational; Leadership; Military; Motivational,WA (Perth),Gender: Female
Rachael Beck,Master of Ceremonies (MCs) & Hosts,NSW (Sydney),Gender: Female
Rachael Casella,Inspirational; Motivational; Resilience; Social Media & Networking; Storytelling,NSW (Sydney),Gender: Female
Rachael Finch,Celebrity; Master of Ceremonies (MCs) & Hosts,NSW (Sydney),Gender: Female
Rachael Lynch OAM OLY,"Health, Lifestyle & Wellbeing; Leadership; Mental Health & Wellness; Motivational; Sport; Team Building",VIC (Melbourne),Gender: Female
Rachael Robertson,"After Dinner Speakers; Business; Diversity & Inclusion; Health, Lifestyle & Wellbeing; Inspirational; Leadership; Motivational; Resilience; Sport; Team Building; Virtual",VIC (Melbourne),Gender: Female
Rachel Maia,Diversity & Inclusion; Leadership; Motivational; Resilience; Sport,New Zealand (Auckland),Gender: Female
Rachel Tomlinson,"Business; Health, Lifestyle & Wellbeing; Mental Health & Wellness; Resilience; Team Building",WA (Perth),Gender: Female
Rad Yeo,"AI; Celebrity; Creativity & Innovation; Master of Ceremonies (MCs) & Hosts; Media; Technology, Future & Innovation",NSW (Sydney),Gender: Female
Radek Sali,"Business; Health, Lifestyle & Wellbeing; Leadership",VIC (Melbourne),Gender: Male
Rae Johnston,"Business; Celebrity; Creativity & Innovation; Diversity & Inclusion; Indigenous Speakers; Master of Ceremonies (MCs) & Hosts; Social Trends & Current Affairs; Technology, Future & Innovation",NSW (Sydney),Gender: Female
Rahni Sadler,Celebrity; Media; World Affairs,NSW,Gender: Female
Ray Chamberlain,Business; Master of Ceremonies (MCs) & Hosts; Media; Mental Health & Wellness; Resilience; Sport,VIC (Melbourne),Gender: Male
Ray Ellis,Business; Leadership,VIC (Melbourne),Gender: Male
Ray Good,"Health, Lifestyle & Wellbeing; Mental Health & Wellness; Motivational; Resilience; Sport; Team Building",VIC (Melbourne),Gender: Male
Ray Scicluna,Business; Leadership; Master of Ceremonies (MCs) & Hosts; Motivational; People & Culture,QLD (Gold Coast),Gender: Male
Reanna Browne,"Business; Creativity & Innovation; Technology, Future & Innovation",VIC (Melbourne),Gender: Female
Rebecca Morse,Celebrity; Master of Ceremonies (MCs) & Hosts; Media,SA (Adelaide),Gender: Female
Rechelle Hawkes AM,Business; Motivational; Resilience; Sport; Team Building,WA,Gender: Female
Renee Brack,Business; Education; Master of Ceremonies (MCs) & Hosts; Media; Storytelling,NSW (Sydney),Gender: Female
Renée Giarrusso,Business; Leadership; Motivational; People & Culture; Resilience,VIC (Melbourne),Gender: Female
Renee Holmes,,New Zealand (Auckland),Gender: Female
Renee Peterson,Education; Master of Ceremonies (MCs) & Hosts; Media; Social Media & Networking; Sport,VIC (Melbourne),Gender: Female
Rev Tim Costello AO,Celebrity; Environment & Climate Change; Inspirational; Leadership; Motivational,VIC (Melbourne),Gender: Male
Rhiannon Tracey,Diversity & Inclusion; Inspirational; Intergenerational Influencers; Leadership; Motivational; Resilience; Social Media & Networking,VIC (Geelong),Gender: Female
Rhonda Burchmore OAM,,VIC,Gender: Female
Richard Baker,Master of Ceremonies (MCs) & Hosts; Media; Politics & Law; Storytelling,VIC (Melbourne),Gender: Male
Richard Champion,Master of Ceremonies (MCs) & Hosts; Motivational; Sport,QLD,Gender: Male
Richard Crawford,Adventurers; Environment & Climate Change; Storytelling; Sustainability; World Affairs,International (USA),Gender: Male
Richard Crawford,Business; Leadership; Motivational,TAS (Hobart),Gender: Male
Richard De Crespigny AM,Business; Leadership; Military,NSW (Sydney),Gender: Male
Richard Field,"Education; Health, Lifestyle & Wellbeing; Leadership; Motivational; People & Culture; Resilience",NSW (Coffs Harbour),Gender: Male
Richard Fitzpatrick,Adventurers; After Dinner Speakers; Environment & Climate Change; Inspirational; Motivational,QLD (Brisbane),Gender: Male
Richard Reid,"Celebrity; Health, Lifestyle & Wellbeing; Master of Ceremonies (MCs) & Hosts; Media; Mental Health & Wellness; Motivational; Social Trends & Current Affairs",NSW (Sydney),Gender: Male
Richard Sauerman,Advertising & Marketing; Inspirational; Motivational; People & Culture,NSW,Gender: Male
Richard Stubbs,Celebrity; Master of Ceremonies (MCs) & Hosts; Military,VIC (Melbourne),Gender: Male
Richard Watson,"Business; Inspirational; Leadership; Master of Ceremonies (MCs) & Hosts; Social Trends & Current Affairs; Technology, Future & Innovation; World Affairs",International (UK),Gender: Male
Richard Wilkins AM,Celebrity; Master of Ceremonies (MCs) & Hosts,NSW (Sydney),Gender: Male
Ricky  Nowak,Business; Inspirational; Leadership; Master of Ceremonies (MCs) & Hosts,VIC (Melbourne),Gender: Female
Rik Rushton,Business; Leadership; People & Culture,VIC (Melbourne),Gender: Male
Rob Carlton,Celebrity; Master of Ceremonies (MCs) & Hosts,NSW (Sydney),Gender: Male
Rob Doorey,Celebrity; Master of Ceremonies (MCs) & Hosts,NSW (Sydney),Gender: Male
Rob Gell AM FRGS FEIANZ,"Celebrity; Environment & Climate Change; Master of Ceremonies (MCs) & Hosts; Technology, Future & Innovation; World Affairs",VIC (Melbourne),Gender: Male
Rob Hamill,Adventurers; Celebrity; Inspirational; Motivational; Sport,New Zealand (Hamilton),Gender: Male
Rob Hartnett,Authors; Business; Inspirational; Leadership; People & Culture; Team Building,VIC (Melbourne),Gender: Male
Rob Hewitt,Adventurers; Inspirational; Motivational,New Zealand (Auckland),Gender: Male
Rob Lilwall,"Adventurers; After Dinner Speakers; Environment & Climate Change; Health, Lifestyle & Wellbeing; Inspirational; Motivational; Resilience; Virtual",International (Singapore),Gender: Male
Rob Mills,Mental Health & Wellness,NSW (Sydney),Gender: Male
Rob Redenbach,Adventurers; Business; Education; Leadership; Military; Motivational; Team Building,NSW (Sydney),Gender: Male
Robbi Mack,"Health, Lifestyle & Wellbeing; Leadership; Master of Ceremonies (MCs) & Hosts; Mental Health & Wellness; Motivational; People & Culture; Team Building",NSW (Sydney),Gender: Female
Robbie Figg,Master of Ceremonies (MCs) & Hosts; Social Trends & Current Affairs,WA (Perth),Gender: Male
Robert de Castella MBE OA,Celebrity; Inspirational; Motivational; Sport,ACT (Canberra),Gender: Male
Robert DiPierdomenico,Master of Ceremonies (MCs) & Hosts; Motivational; Sport,VIC (Melbourne),Gender: Male
Robert Gottliebsen AM,"Business; Economy & Finance; Media; Technology, Future & Innovation",VIC,Gender: Male
Robert Herjavec,Business,International (USA),Gender: Male
Robert Sutton,Business; Leadership; Resilience,International (USA),Gender: Male
Robert Tighe,Advertising & Marketing; Business; Leadership; Media; Motivational; Storytelling,New Zealand (Auckland),Gender: Male
Robin de Crespigny,After Dinner Speakers; Authors; Celebrity; Motivational; People & Culture; Politics & Law; Social Trends & Current Affairs; World Affairs,NSW (Sydney),Gender: Female
Robyn Davidson,Adventurers; After Dinner Speakers; Celebrity; Diversity & Inclusion; Education; Inspirational; Motivational,VIC (Melbourne),Gender: Female
Robyn Moore,"Business; Health, Lifestyle & Wellbeing; Inspirational; Intergenerational Influencers; Leadership; Mental Health & Wellness; Motivational; People & Culture; Storytelling; Technology, Future & Innovation",TAS (Hobart),Gender: Female
Robyn Williams AO,"Celebrity; Environment & Climate Change; Master of Ceremonies (MCs) & Hosts; Technology, Future & Innovation; World Affairs",NSW (Sydney),Gender: Male
Rochelle Pitt,Indigenous Speakers,QLD,Gender: Female
Rock v Sport,Team Building,WA (Perth),Gender: Male
Rod Patterson,Business; Inspirational; Motivational,TAS,Gender: Male
Rod Perez,"Health, Lifestyle & Wellbeing; Mental Health & Wellness; Team Building",QLD (Coolangatta),Gender: Male
Rodney Eade,Leadership; Motivational; Sport; Team Building,VIC (Melbourne),Gender: Male
Rodney Hogg,Sport; Storytelling,WA (Perth),Gender: Male
Roger Dennis,"Business; Creativity & Innovation; Technology, Future & Innovation",New Zealand (Christchurch),Gender: Male
Roger La Salle,"Business; Creativity & Innovation; Motivational; Social Trends & Current Affairs; Technology, Future & Innovation",VIC,Gender: Male
Roger Rasheed,Business; Resilience; Sport; Virtual,SA (Adelaide),Gender: Male
Roger Simpson,Business,VIC (Melbourne),Gender: Male
Rohan Browning,Inspirational; Motivational; Resilience; Sport,NSW (Sydney),Gender: Male
Ron Kaufman,Business,International (Asia; Singapore),Gender: Male
Ron Lee,Business; Leadership,NSW (Sydney),Gender: Male
Ronni Kahn AO,"Business; Creativity & Innovation; Health, Lifestyle & Wellbeing; Social Trends & Current Affairs",NSW (Sydney),Gender: Female
Rory Warnock,"Health, Lifestyle & Wellbeing; Inspirational; Mental Health & Wellness; Motivational; Resilience",NSW (Sydney),Gender: Male
Rosanna Mangiarelli,Celebrity; Master of Ceremonies (MCs) & Hosts; Media,SA (Adelaide),Gender: Female
Rosemary Stanton,"Food & Wine; Health, Lifestyle & Wellbeing",NSW (Sydney),Gender: Female
Rosie Batty AO,Business; Inspirational; Leadership; Motivational,VIC (Melbourne),Gender: Female
Rosie Yeo,Business; Leadership; Master of Ceremonies (MCs) & Hosts,NSW (Sydney),Gender: Female
Ross Bernstein,Leadership; Motivational; Sport; Team Building,International (USA),Gender: Male
Ross Dawson,"AI; Business; Creativity & Innovation; Economy & Finance; Leadership; Social Media & Networking; Technology, Future & Innovation",NSW (Sydney),Gender: Male
Ross Greenwood,Celebrity; Economy & Finance; Master of Ceremonies (MCs) & Hosts,NSW (Sydney),Gender: Male
Ross Wallman,Celebrity; Master of Ceremonies (MCs) & Hosts,WA (Perth),Gender: Male
Rove McManus,Celebrity; Master of Ceremonies (MCs) & Hosts; Virtual,WA (Perth),Gender: Male
Rowan,"Business; Creativity & Innovation; Health, Lifestyle & Wellbeing; Inspirational; Leadership",NSW,Gender: Female
Rowdy McLean,Business; Inspirational; Leadership; Virtual,NSW (Sydney),Gender: Male
Rt Hon Sir John Key,Business; Economy & Finance; Leadership; Politics & Law; World Affairs,New Zealand (Auckland),Gender: Male
Ruby Tui,Diversity & Inclusion; Mental Health & Wellness; Motivational; Resilience; Sport,New Zealand (Auckland),Gender: Female
Rupert McCall,Authors; Master of Ceremonies (MCs) & Hosts; Sport; Storytelling,QLD (Brisbane),Gender: Male
Ruslan Kogan,Advertising & Marketing; Business,VIC (Melbourne),Gender: Male
Russel Howcroft,Advertising & Marketing; Business; Celebrity; Creativity & Innovation; Leadership; Media; Social Trends & Current Affairs,VIC (Melbourne),Gender: Male
Russell Mark OAM,Master of Ceremonies (MCs) & Hosts; Motivational; Sport; Storytelling,VIC (Melbourne),Gender: Male
Russell Ord and Shanan Worrall,"Education; Health, Lifestyle & Wellbeing; Inspirational; Media; Motivational; Sport",WA (Perth),Gender: Male
Russell Pearson,Business; Leadership; Team Building; Virtual,VIC,Gender: Male
Ryan Campbell,Adventurers; Leadership,International (Tennessee),Gender: Male
Ryk Goddard,Celebrity; Master of Ceremonies (MCs) & Hosts,TAS (Hobart),Gender: Male
Sadhana Smiles,Business; Diversity & Inclusion; Leadership; Virtual,VIC (Melbourne),Gender: Female
Sally Capp AO,Business; Economy & Finance; Leadership; Resilience,VIC (Melbourne),Gender: Female
Sally Learey,"Authors; Business; Health, Lifestyle & Wellbeing; Inspirational; Motivational",VIC (Melbourne),Gender: Female
Sally Pearson,Sport,QLD,Gender: Female
Sally Williams,Advertising & Marketing; Business; Master of Ceremonies (MCs) & Hosts; Sustainability,VIC (Melbourne),Gender: Female
Sam Beau Patrick,"Business; Health, Lifestyle & Wellbeing; People & Culture",QLD (Brisbane),Gender: Female
Sam Bloom,Celebrity; Diversity & Inclusion; Inspirational; Mental Health & Wellness; Motivational; Resilience; Sport,NSW (Sydney),Gender: Female
Sam Cawthorn,Inspirational; Intergenerational Influencers; Motivational; Social Trends & Current Affairs,TAS (Hobart),Gender: Male
Sam Dawson,Master of Ceremonies (MCs) & Hosts,WA (Perth),Gender: Male
Sam Ikin,Celebrity; Master of Ceremonies (MCs) & Hosts; Media; Mental Health & Wellness,TAS (Hobart),Gender: Male
Sam Kekovich,Master of Ceremonies (MCs) & Hosts; Motivational; Sport; Storytelling,VIC (Melbourne),Gender: Male
Sam Lane,Authors; Celebrity; Media; Sport,VIC (Melbourne),Gender: Female
Sam McCool,Diversity & Inclusion; Inspirational,NSW,Gender: Male
Sam Powers,Virtual,NSW (Sydney),Gender: Male
Sam Taunton,Master of Ceremonies (MCs) & Hosts; Virtual,VIC (Melbourne),Gender: Male
Sam the Trap Man,Environment & Climate Change; Inspirational; Resilience; Storytelling; Sustainability,New Zealand (Auckland),Gender: Male
Sam Turner,Business; Diversity & Inclusion; Leadership; Master of Ceremonies (MCs) & Hosts; People & Culture,NSW (Sydney),Gender: Female
Sam Webb,"Celebrity; Health, Lifestyle & Wellbeing; Inspirational; Leadership; Mental Health & Wellness",International (USA),Gender: Male
Samantha Armytage,Celebrity; Master of Ceremonies (MCs) & Hosts; Virtual,NSW (Sydney),Gender: Female
Samantha Gash,"Adventurers; Business; Health, Lifestyle & Wellbeing; Inspirational; Leadership; Motivational; People & Culture; Resilience; Sport; Team Building; Virtual",VIC (Melbourne),Gender: Female
Samantha Jackson,"After Dinner Speakers; Business; Celebrity; Health, Lifestyle & Wellbeing; Inspirational; Master of Ceremonies (MCs) & Hosts",WA (Perth),Gender: Female
Samantha Jewel,Creativity & Innovation; Environment & Climate Change; Motivational; Social Trends & Current Affairs; Sustainability; World Affairs,VIC (Melbourne),Gender: Female
Samantha Riley,Celebrity; Motivational; Sport,QLD (Brisbane),Gender: Female
Samantha Wills,Business; Inspirational; Leadership; Master of Ceremonies (MCs) & Hosts,International (USA),Gender: Female
Sami Lukis,Celebrity; Master of Ceremonies (MCs) & Hosts; Media,NSW (Sydney),Gender: Female
Sami Mäkeläinen,"AI; Business; Creativity & Innovation; Technology, Future & Innovation",VIC (Melbourne),Gender: Male
Sami Shah,Advertising & Marketing; Creativity & Innovation; Diversity & Inclusion; Master of Ceremonies (MCs) & Hosts,VIC (Melbourne),Gender: Male
Sammy J,Master of Ceremonies (MCs) & Hosts,VIC (Melbourne),Gender: Male
Sammy J & Randy,Master of Ceremonies (MCs) & Hosts,VIC (Melbourne),Gender: Male
Samuel Hinton,"After Dinner Speakers; Business; Creativity & Innovation; Education; Health, Lifestyle & Wellbeing; Leadership; Technology, Future & Innovation",NSW (Sydney),Gender: Male
Samuel Johnson OAM,Celebrity; Inspirational; Mental Health & Wellness,VIC (Melbourne),Gender: Male
Samuel Johnson OAM and Aaron Williams,After Dinner Speakers; Inspirational; Leadership; Motivational; People & Culture,QLD; VIC (Brisbane; Melbourne; Sunshine Coast),Gender: Male
Samuel Shem,"After Dinner Speakers; Authors; Celebrity; Diversity & Inclusion; Education; Health, Lifestyle & Wellbeing; Inspirational; Motivational; People & Culture",International (USA),Gender: Male
Sandra Sully AM,Celebrity; Master of Ceremonies (MCs) & Hosts; Media,NSW (Sydney),Gender: Female
Sans Tattoo,Business; Inspirational; Leadership,NSW (Sydney),Gender: Male
Santhanaram  Jayaram,"Business; Health, Lifestyle & Wellbeing; Leadership; Team Building",International (Singapore),Gender: Male
Sara Leonardi-McGrath,Business; Leadership; Media,NSW,Gender: Female
Sarah Davidson,"Business; Education; Health, Lifestyle & Wellbeing",VIC (Melbourne),Gender: Female
Sarah Di Lorenzo,"Health, Lifestyle & Wellbeing",NSW (Sydney),Gender: Female
Sarah Duffy,Advertising & Marketing; Master of Ceremonies (MCs) & Hosts; Media; Social Media & Networking; Sport,VIC (Melbourne),Gender: Female
Sarah Furness MA Cantab RAF,Business; Leadership; Military,International (UK),Gender: Female
Sarah Grynberg,"Education; Health, Lifestyle & Wellbeing; Master of Ceremonies (MCs) & Hosts; Media",VIC (Melbourne),Gender: Female
Sarah Harris,Celebrity; Media,NSW (Sydney),Gender: Female
Sarah Kearns,"Health, Lifestyle & Wellbeing; Inspirational; Social Media & Networking",NSW (Sydney),Gender: Female
Sarah Kendall,Master of Ceremonies (MCs) & Hosts,VIC (Melbourne),Gender: Female
Sarah McKay,"Health, Lifestyle & Wellbeing; Intergenerational Influencers; Mental Health & Wellness; Technology, Future & Innovation",NSW (Sydney),Gender: Female
Sarah Monahan,Celebrity; Leadership; Motivational; Resilience; Storytelling; Team Building,International (USA),Gender: Female
Sarah Moran,"Creativity & Innovation; Diversity & Inclusion; Sustainability; Technology, Future & Innovation",QLD (Brisbane),Gender: Female
Sarah Walsh,Diversity & Inclusion; Leadership; Motivational; Resilience; Sport; Team Building,NSW (Sydney),Gender: Female
Sarah Wilson,"After Dinner Speakers; Health, Lifestyle & Wellbeing; Leadership; Media; Politics & Law",NSW (Sydney),Gender: Female
Saroo Brierley,Inspirational; Motivational; Resilience; Storytelling,TAS (Hobart),Gender: Male
Saul Eslake,"Business; Economy & Finance; Social Trends & Current Affairs; Technology, Future & Innovation",TAS (Hobart),Gender: Male
Scarlett Vespa,"Advertising & Marketing; Business; Creativity & Innovation; Health, Lifestyle & Wellbeing; Inspirational; Intergenerational Influencers; Leadership; Motivational; People & Culture; Social Trends & Current Affairs; Technology, Future & Innovation",NSW (Sydney),Gender: Female
Scott Ainslie,"Business; Leadership; Master of Ceremonies (MCs) & Hosts; Social Trends & Current Affairs; Technology, Future & Innovation",QLD (Maroochydore),Gender: Male
Scott Amyx,"AI; Business; Creativity & Innovation; Technology, Future & Innovation",International (USA),Gender: Male
Scott Bales,"Business; Creativity & Innovation; Economy & Finance; Technology, Future & Innovation",International (Asia; Singapore),Gender: Male
Scott Bloom,Celebrity; Master of Ceremonies (MCs) & Hosts; Virtual,International (USA),Gender: Male
Scott Cam,"After Dinner Speakers; Celebrity; Health, Lifestyle & Wellbeing",NSW (Sydney),Gender: Male
Scott Cummings,"Health, Lifestyle & Wellbeing; Media; Sport",WA (Perth),Gender: Male
Scott Deming,Business; Leadership,International (USA),Gender: Male
Scott Dooley,Celebrity; Master of Ceremonies (MCs) & Hosts,VIC (Melbourne),Gender: Male
Scott Draper,Business; Leadership; Resilience; Team Building,QLD (Brisbane),Gender: Male
Scott Dutton,"Business; Health, Lifestyle & Wellbeing; Leadership; Team Building; Virtual",QLD (Gold Coast),Gender: Male
Scott McKain,Business; Leadership; Storytelling,International (USA),Gender: Male
Scott Rankin,"Creativity & Innovation; Diversity & Inclusion; Leadership; Technology, Future & Innovation; World Affairs",TAS (Wynyard),Gender: Male
Scott Tweedie,Celebrity; Master of Ceremonies (MCs) & Hosts; Media; Social Trends & Current Affairs,NSW (Sydney),Gender: Male
Scott Williams,"Health, Lifestyle & Wellbeing",QLD (Brisbane),Gender: Male
Seamus Evans,"Diversity & Inclusion; Health, Lifestyle & Wellbeing; Inspirational; Master of Ceremonies (MCs) & Hosts; Motivational; Resilience",QLD (Sunshine Coast),Gender: Male
Sean Bell,"Adventurers; Health, Lifestyle & Wellbeing; Inspirational; Leadership; Motivational; Resilience; Team Building",VIC (Melbourne),Gender: Male
Sean Callanan,Advertising & Marketing; Business; Celebrity; Leadership; Master of Ceremonies (MCs) & Hosts; Media; Sport,VIC (Melbourne),Gender: Male
Sean Choolburra,Indigenous Speakers; Virtual,QLD (Townsville),Gender: Male
Sean Soole,Diversity & Inclusion; Leadership; Politics & Law; Social Trends & Current Affairs,NSW (Maroochydore; Miranda; Sunshine Coast),Gender: Male
Sebastian Coe,Authors; Motivational; Sport,International (UK),Gender: Male
Sebastian Terry,Business; Inspirational; Leadership; Mental Health & Wellness; Motivational; People & Culture; Virtual,NSW (Sydney),Gender: Male
Seth Godin,Authors; Business; Leadership; Virtual,International (USA),Gender: Male
Shamane Tan,"AI; Diversity & Inclusion; Health, Lifestyle & Wellbeing; Inspirational; Leadership; Technology, Future & Innovation",NSW (Sydney),Gender: Female
Shamubeel Eaqub,Business; Economy & Finance,New Zealand (Auckland),Gender: Male
Shane Cortese,Master of Ceremonies (MCs) & Hosts,New Zealand (Auckland),Gender: Male
Shane Crawford,Celebrity; Master of Ceremonies (MCs) & Hosts; Sport,VIC (Melbourne),Gender: Male
Shane Jacobson,Celebrity; Master of Ceremonies (MCs) & Hosts; Virtual,VIC (Melbourne),Gender: Male
Shane Watson,Celebrity; Motivational; Sport,NSW (Sydney),Gender: Male
Shane Webcke,"Health, Lifestyle & Wellbeing; Master of Ceremonies (MCs) & Hosts; Motivational; Sport; Team Building",QLD (Brisbane),Gender: Male
Shaneel Lal,Diversity & Inclusion; Leadership; People & Culture; Resilience,New Zealand,
Shannah Kennedy,"Business; Health, Lifestyle & Wellbeing; Leadership; Motivational; People & Culture",VIC,Gender: Female
Shannah Kennedy & Colleen Callander,"Business; Health, Lifestyle & Wellbeing; Inspirational; Leadership",VIC (Sorrento),Gender: Female
Shannan Ponton,"Business; Celebrity; Education; Health, Lifestyle & Wellbeing; Motivational",NSW (Sydney),Gender: Male
Sharon Cohrs,"Adventurers; Health, Lifestyle & Wellbeing; Inspirational; Motivational; Team Building",QLD,Gender: Female
Shaun Christie-David,Business; Diversity & Inclusion; Food & Wine; Inspirational; Intergenerational Influencers; Storytelling,NSW (Sydney),Gender: Male
Shayne Hunter,Master of Ceremonies (MCs) & Hosts,QLD (Brisbane),Gender: Male
Shayne Thompson,Business; Motivational; People & Culture,QLD (Sunshine Coast),Gender: Male
Shaynna Blaze,"Celebrity; Health, Lifestyle & Wellbeing; Master of Ceremonies (MCs) & Hosts",VIC (Melbourne),Gender: Female
Sheila E,,International (USA),Gender: Female
Sheila Vijeyarasa,Business; Leadership; Resilience,NSW (Sydney),Gender: Female
Shelley Craft,Celebrity; Master of Ceremonies (MCs) & Hosts,NSW (Byron),Gender: Female
Shelley Ware,Master of Ceremonies (MCs) & Hosts; Media; Sport,VIC (Melbourne),Gender: Female
Shelly Horton,Celebrity; Master of Ceremonies (MCs) & Hosts,QLD (Gold Coast),Gender: Female
Sheree Mutton,"Celebrity; Health, Lifestyle & Wellbeing; Master of Ceremonies (MCs) & Hosts; Media",NSW (Sydney),Gender: Female
Shirley Taylor,"Business; Inspirational; Leadership; Motivational; Technology, Future & Innovation",International (Singapore),Gender: Female
Shivani Gupta,Business; Motivational,QLD (Brisbane),Gender: Female
Shura Taft,Celebrity; Master of Ceremonies (MCs) & Hosts; Media; Sport,VIC (Melbourne),Gender: Male
Siimon Reynolds,Advertising & Marketing; Business; Celebrity; Leadership; Motivational,NSW (Sydney),Gender: Male
Simon Banks,Creativity & Innovation; Storytelling,NSW (Sydney),Gender: Male
Simon Griffiths,"Business; Creativity & Innovation; Health, Lifestyle & Wellbeing; Leadership; Resilience; Team Building; Virtual",VIC (Melbourne),Gender: Male
Simon Hammond,"Advertising & Marketing; Authors; Business; Creativity & Innovation; Intergenerational Influencers; Social Media & Networking; Social Trends & Current Affairs; Technology, Future & Innovation",VIC (Melbourne),Gender: Male
Simon Harris,Mental Health & Wellness; Resilience; Social Trends & Current Affairs,WA (Perth),Gender: Male
Simon Illingworth,Inspirational; Leadership; Politics & Law,VIC (Melbourne),Gender: Male
Simon Jones,Business; Leadership; Sport; Team Building,WA (Perth),Gender: Male
Simon Kuestenmacher,"Business; Intergenerational Influencers; Social Trends & Current Affairs; Technology, Future & Innovation; Virtual",VIC (Melbourne),Gender: Male
Simon Love,Celebrity; Master of Ceremonies (MCs) & Hosts; Media,VIC (Melbourne),Gender: Male
Simon Madden,Sport,VIC,Gender: Male
Simon O'Donnell,Authors; Celebrity; Inspirational; Master of Ceremonies (MCs) & Hosts; Motivational; Sport; Storytelling,VIC (Melbourne),Gender: Male
Simon Taylor,Master of Ceremonies (MCs) & Hosts,VIC (Melbourne),Gender: Male
Simon Tupman,Authors; Business; Leadership; Sport; Team Building,New Zealand (North Island),Gender: Male
Simone Austin,"Business; Education; Health, Lifestyle & Wellbeing; Leadership; People & Culture; Virtual",VIC (Melbourne),Gender: Female
Simone Heng,Business; Leadership; People & Culture,International (Singapore),Gender: Female
Simran Kaur,Business; Diversity & Inclusion; Economy & Finance; Motivational; People & Culture,New Zealand (Auckland),Gender: Female
Sione Faumuina,"Health, Lifestyle & Wellbeing; Inspirational; Mental Health & Wellness; Motivational; People & Culture",New Zealand (Rotorua),Gender: Male
Sir Angus Houston AK AFC,Inspirational; Leadership; Motivational,ACT (Canberra),Gender: Male
Sir Bob Geldof,Business; Celebrity; Environment & Climate Change; Politics & Law; Social Trends & Current Affairs; World Affairs,International (UK),Gender: Male
Sir Graham Henry KNZM,Sport,New Zealand (Auckland),Gender: Male
Sir John Kirwan,"After Dinner Speakers; Health, Lifestyle & Wellbeing; Inspirational; Mental Health & Wellness; Motivational; People & Culture; Sport",New Zealand (Auckland),Gender: Male
Sir Ranulph Fiennes OBE,Adventurers; Authors; Inspirational; Motivational,International (UK),Gender: Male
Sir Ray Avery,"Creativity & Innovation; Inspirational; Sustainability; Technology, Future & Innovation",NSW (Sydney),Gender: Male
Sir Steven Redgrave CBE,Sport,International (UK),Gender: Male
sisterMISTER,,QLD,Gender: Female
Songbirds,Celebrity,VIC (Melbourne),Gender: Female
Sonia Di Mezza,Business; Diversity & Inclusion; Inspirational; Leadership; Politics & Law,ACT (Canberra),Gender: Female
Sonia Kruger,Celebrity; Master of Ceremonies (MCs) & Hosts,NSW (Sydney),Gender: Female
Sonia McDonald,Business; Inspirational; Leadership; Team Building,QLD (Brisbane),Gender: Female
Sonny Lister,Celebrity; Sport,WA (Perth),Gender: Male
Sophie Falkiner,"After Dinner Speakers; Celebrity; Health, Lifestyle & Wellbeing; Master of Ceremonies (MCs) & Hosts",NSW (Sydney),Gender: Female
Sophie Morell,"Health, Lifestyle & Wellbeing; Inspirational; Sport",VIC,Gender: Female
Sophie Thomson,"Business; Environment & Climate Change; Health, Lifestyle & Wellbeing; Media; Sustainability",SA (Adelaide),Gender: Female
Sparrow-Folk,,ACT,Gender: Female
Stacey Currie,Inspirational; Motivational; People & Culture; Team Building,VIC (Melbourne),Gender: Female
Stacey Edmonds,"AI; Business; Leadership; Master of Ceremonies (MCs) & Hosts; Technology, Future & Innovation",NSW (Sydney),Gender: Female
Stan Gordon,Business,VIC,Gender: Male
Stan Grant,Diversity & Inclusion; Indigenous Speakers; Master of Ceremonies (MCs) & Hosts; Media; Politics & Law; Virtual,NSW (Sydney),Gender: Male
Steph Prem,"Health, Lifestyle & Wellbeing; Sport",VIC (Melbourne),Gender: Female
Steph Tisdell,Indigenous Speakers; Master of Ceremonies (MCs) & Hosts; Mental Health & Wellness,QLD (Gold Coast),Gender: Female
Stephanie Alexander OAM,Food & Wine,VIC,Gender: Female
Stephanie Bendixsen,"Creativity & Innovation; Diversity & Inclusion; Intergenerational Influencers; Leadership; Master of Ceremonies (MCs) & Hosts; People & Culture; Technology, Future & Innovation",NSW (Sydney),Gender: Female
Stephanie Brantz,Master of Ceremonies (MCs) & Hosts; Sport; Virtual,NSW,Gender: Female
Stephanie Gobbo,"Business; Education; Food & Wine; Health, Lifestyle & Wellbeing; Motivational; Virtual",VIC (Melbourne),Gender: Female
Stephanie Woollard OAM,Business; Diversity & Inclusion; Education; Inspirational; Leadership; Motivational; Social Trends & Current Affairs; Sustainability,VIC (Melbourne),Gender: Female
Stephen Brady AO CVO,Business; Diversity & Inclusion; Economy & Finance; Leadership; Politics & Law; World Affairs,NSW,Gender: Male
Stephen Curry,Celebrity; Master of Ceremonies (MCs) & Hosts,VIC (Melbourne),Gender: Male
Stephen Koukoulas,"Business; Politics & Law; Technology, Future & Innovation",VIC (Melbourne),Gender: Male
Stephen Krempl,Business; Diversity & Inclusion; Inspirational; Leadership; Master of Ceremonies (MCs) & Hosts; Motivational,International (USA),Gender: Male
Stephen Long,Business; Economy & Finance; Media,NSW,Gender: Male
Stephen Mayne,Business; Economy & Finance; Media; Politics & Law; Social Media & Networking; Social Trends & Current Affairs,VIC (Melbourne),Gender: Male
Stephen McGown,"Adventurers; Creativity & Innovation; Diversity & Inclusion; Health, Lifestyle & Wellbeing; Inspirational; Mental Health & Wellness; Motivational; Resilience; Storytelling",International (South Africa),Gender: Male
Stephen Scheeler,"AI; Business; Leadership; Technology, Future & Innovation",NSW (Sydney),Gender: Male
Stephen Scott Johnson,Business; Creativity & Innovation; Diversity & Inclusion; Leadership; Mental Health & Wellness,VIC,Gender: Male
Stephen Tjoa,Business; Leadership,International (Asia; Singapore),Gender: Male
Stephen Yarwood,"Business; Creativity & Innovation; Environment & Climate Change; Master of Ceremonies (MCs) & Hosts; Social Trends & Current Affairs; Technology, Future & Innovation",SA (Adelaide),Gender: Male
Sterling Hawkins,"Business; Creativity & Innovation; Social Trends & Current Affairs; Technology, Future & Innovation; Virtual",International (USA),Gender: Male
Stevan Premutico,"Business; Creativity & Innovation; Leadership; Social Media & Networking; Technology, Future & Innovation",NSW (Byron Bay),Gender: Male
Steve Bell,Adventurers; Business; Inspirational; Leadership; Motivational,SA (Adelaide),Gender: Male
Steve Cain,Indigenous Speakers; Inspirational; Mental Health & Wellness; Motivational; Resilience,SA (Adelaide),Gender: Male
Steve Francis,Business; Leadership; Team Building,QLD,Gender: Male
Steve Gurney,Adventurers; Celebrity; Motivational; Sport; Storytelling; Team Building,New Zealand (Christchurch),Gender: Male
Steve Lange,Business; Creativity & Innovation; Inspirational; Motivational; People & Culture; Team Building,New Zealand (North Island),Gender: Male
Steve Larkham,Motivational; Sport,NSW (Sydney),Gender: Male
Steve Moneghetti AM,After Dinner Speakers; Inspirational; Motivational; Sport,VIC (Geelong),Gender: Male
Steve Posselt,Adventurers; Business; Environment & Climate Change; Motivational; Social Trends & Current Affairs; Sustainability,NSW (Sydney),Gender: Male
Steve Price,Celebrity; Master of Ceremonies (MCs) & Hosts; Media,NSW; VIC (Melbourne; Sydney),Gender: Male
Steve Sammartino,"Advertising & Marketing; AI; Business; Creativity & Innovation; Social Trends & Current Affairs; Technology, Future & Innovation; Virtual",VIC (Melbourne),Gender: Male
Steve Sargent,Business; Inspirational; Leadership; Motivational,NSW,Gender: Male
Steve Simpson,Business; Leadership; Team Building,VIC (Melbourne),Gender: Male
Steve Tighe,"Business; Creativity & Innovation; Environment & Climate Change; Intergenerational Influencers; Social Trends & Current Affairs; Technology, Future & Innovation",NSW,Gender: Male
Steve Willis,"Adventurers; Authors; Celebrity; Health, Lifestyle & Wellbeing; Inspirational; Master of Ceremonies (MCs) & Hosts; Media; Motivational",NSW (Sydney),Gender: Male
Steve Wood,"Celebrity; Education; Health, Lifestyle & Wellbeing; Sustainability",WA (Perth),Gender: Male
Steve Wozniak,"Creativity & Innovation; Technology, Future & Innovation",International (USA),Gender: Male
Steven Bowman,Business,VIC (Melbourne),Gender: Male
Steven Bradbury OAM,"After Dinner Speakers; Celebrity; Health, Lifestyle & Wellbeing; Inspirational; Motivational; Resilience; Sport; Storytelling; Team Building",QLD (Brisbane),Gender: Male
Steven Burgess,"Business; Creativity & Innovation; Politics & Law; Social Trends & Current Affairs; Technology, Future & Innovation",TAS (Hobart),Gender: Male
Stiff Gins,Indigenous Speakers,NSW,Gender: Female
Stirling Mortlock AM,Leadership; Resilience; Sport; Team Building,NSW (Sydney),Gender: Male
Storm Purvis,Inspirational; Mental Health & Wellness; Motivational; Resilience; Sport,New Zealand (Auckland),Gender: Female
String Angels,,NSW,Gender: Female
String Diva,,NSW,Gender: Female
Stuart Donaldson,Business; Economy & Finance,NSW,Gender: Male
Stuart Gregor,Advertising & Marketing; After Dinner Speakers; Business; Food & Wine; Master of Ceremonies (MCs) & Hosts,NSW (Sydney),Gender: Male
Su-Yen Wong,Business; Diversity & Inclusion; Leadership,International (Singapore),Gender: Female
Sue Chrysanthou SC,Media; Politics & Law; Social Media & Networking,NSW (Sydney),Gender: Female
Sue Currie,Business; Media,QLD,Gender: Female
Sue Stanley,"Authors; Health, Lifestyle & Wellbeing; Master of Ceremonies (MCs) & Hosts; Motivational; Sport",VIC (Melbourne),Gender: Female
Sunita Gloster,Advertising & Marketing; Business; Master of Ceremonies (MCs) & Hosts; Media; Sustainability,NSW (Sydney),Gender: Female
Sunny Grosso,"Business; Health, Lifestyle & Wellbeing; People & Culture; Team Building",International (USA),Gender: Female
Susan Alberti AC,Business; Diversity & Inclusion; Inspirational; Leadership; Motivational; Resilience; Sport,VIC (Melbourne),Gender: Female
Susan Mackie,Business; Creativity & Innovation; Leadership,VIC,Gender: Female
Susan McLean,"Authors; Business; Education; Health, Lifestyle & Wellbeing; Politics & Law; Social Trends & Current Affairs",VIC (Melbourne),Gender: Female
Susanne Peet,Environment & Climate Change; Master of Ceremonies (MCs) & Hosts; Resilience; Sustainability,WA (Perth),Gender: Female
Susie Maroney OAM,Inspirational; Sport,NSW (Sydney),Gender: Female
Susie O'Neill OAM,Sport,QLD (Brisbane),Gender: Female
Susie Youssef,Master of Ceremonies (MCs) & Hosts; Virtual,NSW (Sydney),Gender: Female
Suzanne Waldron,Inspirational; Leadership; Motivational; Resilience,NSW (Sydney),Gender: Female
Syd Heylen,After Dinner Speakers; Master of Ceremonies (MCs) & Hosts,QLD (Brisbane),Gender: Male
Sylvia Jeffreys,Celebrity; Master of Ceremonies (MCs) & Hosts,NSW (Sydney),Gender: Female
Takaya Honda,"Celebrity; Health, Lifestyle & Wellbeing; Master of Ceremonies (MCs) & Hosts; Mental Health & Wellness; Sport",VIC (Melbourne),Gender: Male
Tammy Barton,Business; Economy & Finance; Intergenerational Influencers; Leadership,SA (Adelaide),Gender: Female
Tammy van Wisse,Business; Environment & Climate Change; Inspirational; Motivational; Resilience; Sport,VIC (Melbourne),Gender: Female
Tamsin Simounds,"Business; Health, Lifestyle & Wellbeing; Leadership; People & Culture",SA (Adelaide),Gender: Female
Tamsyn Lewis-Manou,Motivational; Resilience; Sport,VIC (Melbourne),Gender: Female
Tan Le,"Business; Creativity & Innovation; Inspirational; Leadership; Technology, Future & Innovation",International (USA),Gender: Female
Tania Kernaghan,,QLD,Gender: Female
Tania Zaetta,"Business; Celebrity; Health, Lifestyle & Wellbeing",VIC,Gender: Female
Tanya Kunze,"Business; Health, Lifestyle & Wellbeing; Inspirational; Leadership",NSW (Sydney),Gender: Female
Tanya Perry,Business; Leadership; Team Building,SA (Adelaide),Gender: Female
Tanya Williams,Advertising & Marketing; Business; Social Media & Networking,QLD (Brisbane),Gender: Female
Tara Diversi,"Health, Lifestyle & Wellbeing; Intergenerational Influencers; Master of Ceremonies (MCs) & Hosts; People & Culture; Virtual",QLD (Brisbane),Gender: Female
Tara Howell,Advertising & Marketing; Business; Inspirational; Sustainability,TAS (Launceston),Gender: Female
Tara Rae Moss,Business; Celebrity; Diversity & Inclusion; Leadership; Master of Ceremonies (MCs) & Hosts; Mental Health & Wellness; Virtual,NSW (Sydney),Gender: Female
Taryn Brumfitt,"Business; Diversity & Inclusion; Health, Lifestyle & Wellbeing; Inspirational; Leadership; People & Culture; Social Trends & Current Affairs",SA (Adelaide),Gender: Female
Tasneem Chopra OAM,Business; Diversity & Inclusion; Education; Inspirational; Leadership; People & Culture; Social Trends & Current Affairs,VIC (Melbourne),Gender: Female
Tawera Nikau,Celebrity; Inspirational; Master of Ceremonies (MCs) & Hosts; Motivational; Sport; Team Building,New Zealand (North Island),Gender: Male
Tawnya Bahr,"Business; Food & Wine; Health, Lifestyle & Wellbeing; Inspirational; Leadership; Resilience; Sustainability",NSW (Sydney),Gender: Female
Tegan Higginbotham,Master of Ceremonies (MCs) & Hosts,VIC (Melbourne),Gender: Female
Tegan Taylor,"Celebrity; Health, Lifestyle & Wellbeing; Master of Ceremonies (MCs) & Hosts; Technology, Future & Innovation",QLD,Gender: Female
Tenby Powell,Business; Leadership; Team Building,New Zealand (Auckland),Gender: Male
Tenille Bentley,"Health, Lifestyle & Wellbeing; Leadership; Mental Health & Wellness; Motivational; Technology, Future & Innovation",WA (Perth),Gender: Female
Terry McFlynn,Master of Ceremonies (MCs) & Hosts; Sport,NSW (Sydney),Gender: Male
Terry Wallace,Celebrity; Sport; Team Building,VIC (Melbourne),Gender: Male
Terry Williams,Business; Motivational,New Zealand (North Island),Gender: Male
Tess Lloyd OLY,Business; Inspirational; Motivational; People & Culture; Sport,VIC (Melbourne),Gender: Female
The Burton Brothers,Master of Ceremonies (MCs) & Hosts; Storytelling; Team Building,VIC (Melbourne),Gender: Male
The Decent People,Master of Ceremonies (MCs) & Hosts; Team Building,VIC (Melbourne),Gender: Male
The Diamonds,,NSW,Gender: Female
The Divine Sisters,,VIC,Gender: Female
The Hon Alexander Downer AC,Economy & Finance; Environment & Climate Change; Leadership; Politics & Law; Social Trends & Current Affairs; World Affairs,SA (Adelaide),Gender: Male
The Hon Peter Gutwein GAICD,"Business; Environment & Climate Change; Health, Lifestyle & Wellbeing; Motivational; Resilience",TAS (Launceston),Gender: Male
The Hon. Jeff Kennett AC,Celebrity; Leadership; Mental Health & Wellness; Politics & Law,VIC (Melbourne),Gender: Male
The Hon. John Brumby,Leadership; Politics & Law,VIC,Gender: Male
The Hon. John Howard OM AC,"Economy & Finance; Leadership; Politics & Law; Technology, Future & Innovation; World Affairs",NSW (Sydney),Gender: Male
The Hon. Lindsay Tanner,Celebrity; Economy & Finance; Environment & Climate Change; Leadership; Politics & Law; World Affairs,VIC (Melbourne),Gender: Male
The Hon. Nick Greiner AC,Politics & Law,NSW,Gender: Male
The Hon. Victor Dominello,"AI; Business; Leadership; Technology, Future & Innovation",NSW (Sydney),Gender: Male
The Honorable Kim Beazley AC,Economy & Finance; Leadership; Politics & Law; World Affairs,WA (Perth),Gender: Male
The Honourable Fran Bailey,Business; Creativity & Innovation; Diversity & Inclusion; Intergenerational Influencers; Leadership; Politics & Law,VIC (Melbourne),Gender: Female
The Right Honourable Michäelle Jean,Diversity & Inclusion; Education; Inspirational; Leadership; Motivational; Social Trends & Current Affairs,International (Canada),Gender: Female
Thea O'Connor,"Diversity & Inclusion; Health, Lifestyle & Wellbeing; Leadership; Master of Ceremonies (MCs) & Hosts; Motivational",QLD (Coffs Harbour),Gender: Female
Theo Kapodistrias,Business; Education; Master of Ceremonies (MCs) & Hosts; Storytelling,TAS (Hobart),Gender: Male
Theo Venter,"Health, Lifestyle & Wellbeing; Inspirational; Motivational",WA,Gender: Male
thndo,Celebrity,VIC (Melbourne),Gender: Female
Thomas A. Kolditz,Adventurers; Business; Leadership; Military; Motivational; Sport,International (USA),Gender: Male
Thomas Robb,"Education; Health, Lifestyle & Wellbeing; Inspirational; Mental Health & Wellness; Motivational",VIC (Melbourne),Gender: Male
Ticky Fullerton,Business; Celebrity; Economy & Finance; Master of Ceremonies (MCs) & Hosts; Virtual,NSW (Sydney),Gender: Female
Tiffani Bova,"Business; Leadership; Technology, Future & Innovation",International (USA),Gender: Female
Tiffany Cherry,"Health, Lifestyle & Wellbeing; Master of Ceremonies (MCs) & Hosts; Media; Sport",VIC (Melbourne),Gender: Female
Tiffany Murray,Business; Inspirational; Leadership; Motivational,SA (Adelaide),Gender: Female
Tiffiny Hall,"Celebrity; Health, Lifestyle & Wellbeing; Master of Ceremonies (MCs) & Hosts; Media; Motivational; Resilience",VIC (Melbourne),Gender: Female
Tilly Lockey,"AI; Celebrity; Diversity & Inclusion; Health, Lifestyle & Wellbeing; Inspirational; Leadership; Motivational; Technology, Future & Innovation",International (UK),Gender: Female
Tim  Stackpool,Celebrity; Master of Ceremonies (MCs) & Hosts; Media,NSW (Sydney),Gender: Male
Tim Alpe,Business; Creativity & Innovation; Resilience,New Zealand (Auckland),Gender: Male
Tim and Rod,Diversity & Inclusion; Leadership; People & Culture; Resilience; Team Building,NSW (Sydney),Gender: Male
Tim Blackwell,Master of Ceremonies (MCs) & Hosts,NSW,Gender: Male
Tim Campbell,Celebrity,VIC (Melbourne),Gender: Male
Tim Cox,Celebrity; Master of Ceremonies (MCs) & Hosts,TAS (Hobart),Gender: Male
Tim Ellis,Creativity & Innovation; Master of Ceremonies (MCs) & Hosts; Team Building; Virtual,VIC (Melbourne),Gender: Male
Tim Gilbert,Celebrity; Master of Ceremonies (MCs) & Hosts; Media; Sport,NSW (Sydney),Gender: Male
Tim Gill,"Adventurers; Business; Leadership; Motivational; Team Building; Technology, Future & Innovation",SA (Adelaide),Gender: Male
Tim Ginever,After Dinner Speakers; Business; Celebrity; Leadership; Master of Ceremonies (MCs) & Hosts; Sport,SA (Adelaide),Gender: Male
Tim Gossage,Master of Ceremonies (MCs) & Hosts; Sport,WA (Perth),Gender: Male
Tim Hamons,Business; Creativity & Innovation; Leadership; Master of Ceremonies (MCs) & Hosts; Motivational; Storytelling; Team Building,International (Singapore),Gender: Male
Tim Horan AM,Motivational; Sport,QLD (Brisbane),Gender: Male
Tim Jarvis AM,Adventurers; Environment & Climate Change; Inspirational; Leadership; Motivational; Sport; Team Building,SA (Adelaide),Gender: Male
Tim Longhurst,Business; Motivational,NSW (Sydney),Gender: Male
Tim Noonan,Environment & Climate Change; Media,SA (Adelaide),Gender: Male
Tim Pethick,Business,NSW,Gender: Male
Tim Reid,Advertising & Marketing; Business,QLD,Gender: Male
Tim Ross,After Dinner Speakers; Media; Storytelling; Virtual,NSW (Sydney),Gender: Male
Tim Shaw,Business; Celebrity; Leadership; Master of Ceremonies (MCs) & Hosts; Media; Motivational,ACT (Canberra),Gender: Male
Tim Wade,Business; Leadership; Team Building,International (Singapore),Gender: Male
Tim Walsh,Business; Leadership; Team Building,NSW (Sydney),Gender: Male
Tim Watson,Master of Ceremonies (MCs) & Hosts; Media; Sport,VIC (Melbourne),Gender: Male
Tina Altieri,Celebrity; Master of Ceremonies (MCs) & Hosts; Media,WA (Perth),Gender: Female
Tina Arena AM,Celebrity; Virtual,NSW,Gender: Female
Tina Tower,Advertising & Marketing; Business; Diversity & Inclusion; Inspirational; Intergenerational Influencers; Leadership; Motivational; People & Culture; Social Media & Networking; Social Trends & Current Affairs; Team Building,NSW (Sydney),Gender: Female
Tiny Holly,Master of Ceremonies (MCs) & Hosts,WA (Perth),Gender: Male
Todd Bowler,Business; Leadership; Motivational; People & Culture; Politics & Law; Team Building,WA (Perth),Gender: Male
Todd Russell,"Celebrity; Health, Lifestyle & Wellbeing",TAS,Gender: Male
Todd Sampson,Advertising & Marketing; Business; Celebrity; Creativity & Innovation; Environment & Climate Change; Intergenerational Influencers; Leadership; Social Trends & Current Affairs,NSW (Sydney),Gender: Male
Todd Woodbridge,Leadership; Sport,VIC (Melbourne),Gender: Male
Toltu Tufa,"Business; Diversity & Inclusion; Education; Health, Lifestyle & Wellbeing; Inspirational; Leadership; Master of Ceremonies (MCs) & Hosts; Mental Health & Wellness; People & Culture",VIC (Melbourne),Gender: Female
Tom Abbott,Business; Motivational,International (Asia; Singapore),Gender: Male
Tom Ballard,Master of Ceremonies (MCs) & Hosts; Virtual,VIC (Melbourne),Gender: Male
Tom Berger,Business,TAS (Hobart),Gender: Male
Tom Boyd,"Business; Education; Health, Lifestyle & Wellbeing; Inspirational; Mental Health & Wellness; Motivational; People & Culture; Sport; Virtual",VIC (Melbourne),Gender: Male
Tom Cronin,"Business; Health, Lifestyle & Wellbeing; Leadership; Mental Health & Wellness; People & Culture; Resilience",NSW (Sydney),Gender: Male
Tom Elliott,Business; Celebrity; Economy & Finance; Media,VIC (Melbourne),Gender: Male
Tom Gleeson,Celebrity; Master of Ceremonies (MCs) & Hosts,NSW; VIC (Byron Bay; Melbourne),Gender: Male
Tom Griffith,Business,VIC (Melbourne),Gender: Male
Tom Nash,"Diversity & Inclusion; Health, Lifestyle & Wellbeing; Inspirational; Motivational; Resilience",NSW (Sydney),Gender: Male
Tom Peters,Business; Leadership,International (USA),Gender: Male
Tom Potter,Advertising & Marketing; Business; Leadership,QLD (Brisbane),Gender: Male
Tom Slingsby,Business; Sport,NSW (Sydney),Gender: Male
Tom Thum,Creativity & Innovation; Inspirational; People & Culture; Storytelling,QLD (Brisbane),Gender: Male
Tom Walton,Business; Food & Wine,NSW (Sydney),Gender: Male
Tom Williams,Celebrity; Master of Ceremonies (MCs) & Hosts; Media,NSW (Sydney),Gender: Male
Tommy Dean,Master of Ceremonies (MCs) & Hosts,NSW (Sydney),Gender: Male
Tommy Little,Master of Ceremonies (MCs) & Hosts; Virtual,VIC (Melbourne),Gender: Male
Toni Pearen,Celebrity; Master of Ceremonies (MCs) & Hosts,NSW (Sydney),Gender: Female
Tonia Todman,"After Dinner Speakers; Authors; Food & Wine; Health, Lifestyle & Wellbeing",VIC (Kyneton),Gender: Female
Tony Christiansen,Inspirational; Motivational; People & Culture; Resilience; Sport,New Zealand (North Island; Tauranga),Gender: Male
Tony Gattari,Business,NSW,Gender: Male
Tony Gustavsson,Leadership; Motivational; Resilience; Sport; Team Building,International; NSW (Europe; Stockholm; Sydney),Gender: Male
Tony Hughes,Advertising & Marketing; Authors; Business; Leadership; Team Building,NSW,Gender: Male
Tony Jones,Celebrity; Master of Ceremonies (MCs) & Hosts,NSW (Sydney),Gender: Male
Tony Leonard,Celebrity; Master of Ceremonies (MCs) & Hosts,VIC (Melbourne),Gender: Male
Tony McManus,"After Dinner Speakers; Health, Lifestyle & Wellbeing; Master of Ceremonies (MCs) & Hosts; Mental Health & Wellness; People & Culture; Team Building",VIC (Melbourne),Gender: Male
Tony Nash,"Business; Leadership; Technology, Future & Innovation",NSW (Sydney),Gender: Male
Tony Pilkington,Celebrity; Master of Ceremonies (MCs) & Hosts; Virtual,SA (Adelaide),Gender: Male
Tony S Wilson,Business; Leadership; Motivational; People & Culture; Team Building,QLD (Brisbane),Gender: Male
Tony Squires,Celebrity,NSW (Sydney),Gender: Male
Tony Wilson,Authors; Celebrity; Master of Ceremonies (MCs) & Hosts; Media; Motivational,VIC (Melbourne),Gender: Male
Tracee Hutchison,"Business; Celebrity; Environment & Climate Change; Leadership; Master of Ceremonies (MCs) & Hosts; Media; Politics & Law; Social Trends & Current Affairs; Technology, Future & Innovation",VIC (Melbourne),Gender: Female
Tracey Curro,Celebrity; Master of Ceremonies (MCs) & Hosts,VIC (Melbourne),Gender: Female
Tracey Spicer AM,"AI; Diversity & Inclusion; Master of Ceremonies (MCs) & Hosts; Technology, Future & Innovation",NSW (Sydney),Gender: Female
Tracy Hall,"Education; Health, Lifestyle & Wellbeing; Mental Health & Wellness; Resilience",NSW (Sydney),Gender: Female
Tracy Sheen,"AI; Diversity & Inclusion; Master of Ceremonies (MCs) & Hosts; Social Media & Networking; Technology, Future & Innovation; Virtual",QLD (Townsville),Gender: Female
Tracy Tutor,Business; Celebrity; Leadership; Motivational,International (USA),Gender: Female
Tracy Vo,Celebrity; Master of Ceremonies (MCs) & Hosts; Media,WA (Perth),Gender: Female
Travis Bell,"Health, Lifestyle & Wellbeing; Inspirational; Motivational",VIC (Melbourne),Gender: Male
Trent Innes,"Business; Leadership; Resilience; Sport; Technology, Future & Innovation",NSW,Gender: Male
Trevor Gillmeister,Motivational; Sport,QLD,Gender: Male
Trevor Gleeson,Inspirational; Leadership; Motivational; People & Culture; Sport; Team Building,WA (Perth),Gender: Male
Trevor Hendy,"Celebrity; Health, Lifestyle & Wellbeing; Inspirational; Motivational; Sport",QLD,Gender: Male
Trevor Long,"Technology, Future & Innovation",NSW,Gender: Male
Trish Peng,Business; Resilience,,Gender: Female
Tristan Miller,Adventurers; After Dinner Speakers; Inspirational; Motivational; Sport,VIC (Melbourne),Gender: Male
Troy & Zara,Creativity & Innovation; Leadership; Motivational; Team Building; Virtual,VIC (Melbourne),
Troy Gray,"Business; Health, Lifestyle & Wellbeing; Master of Ceremonies (MCs) & Hosts; Motivational; Resilience; Sport",SA (Adelaide),Gender: Male
Troy Hazard,Business,QLD (Townsville),Gender: Male
Troy Sachs OAM PLY,Diversity & Inclusion; Inspirational; Leadership; Motivational; Resilience; Sport; Storytelling; Team Building,NSW (Sydney),Gender: Male
Trudy MacDonald,Business; Leadership; Motivational,NSW (Sydney),Gender: Female
Tsedal Neeley,Business; Diversity & Inclusion,International (USA),Gender: Female
Tully Smyth,Inspirational; Mental Health & Wellness; Social Media & Networking,,Gender: Female
Turia Pitt,Inspirational; Motivational; Resilience,NSW (Byron Bay),Gender: Female
Tyla King,Resilience; Sport; Sustainability,New Zealand (Auckland),Gender: Female
Ultimate Kylie,,VIC,Gender: Female
Uma Rudd Chia,"Advertising & Marketing; Business; Creativity & Innovation; Inspirational; Leadership; Technology, Future & Innovation",International (Asia; Singapore),Gender: Female
Up Up and Away,Team Building,VIC,
Vanessa Amorosi,,VIC,Gender: Female
Vanessa Stoykov,"Business; Economy & Finance; Health, Lifestyle & Wellbeing; Inspirational; Motivational; Storytelling",NSW (Sydney),Gender: Female
Vanessa Turnbull-Roberts,Diversity & Inclusion; Indigenous Speakers; Leadership,NSW (Sydney),Gender: Female
Veronica Milsom,Business; Celebrity; Diversity & Inclusion; Intergenerational Influencers; Master of Ceremonies (MCs) & Hosts; Media; Social Trends & Current Affairs,ACT (Canberra),Gender: Female
Vicky O'Keefe,,QLD (Brisbane),Gender: Female
Victoria Devine,Economy & Finance,VIC (Melbourne),Gender: Female
Victoria Vanstone,"Health, Lifestyle & Wellbeing; Inspirational; Mental Health & Wellness; Motivational; Resilience; Storytelling",QLD (Sunshine Coast),Gender: Female
Vince Sorrenti,Celebrity,NSW (Sydney),Gender: Male
Vinh Giang,Business; Inspirational; Motivational; Virtual,International (USA),Gender: Male
Virginia Trioli,Master of Ceremonies (MCs) & Hosts; Media; Virtual; World Affairs,VIC (Melbourne),Gender: Female
Waleed Aly,Business; Celebrity; Education; Master of Ceremonies (MCs) & Hosts; Media; Politics & Law; World Affairs,VIC (Melbourne),Gender: Male
Wally Lewis AM,Celebrity; Inspirational; Master of Ceremonies (MCs) & Hosts; Motivational; Sport,QLD,Gender: Male
Wanitha Tanasingam,"Creativity & Innovation; Diversity & Inclusion; Food & Wine; Health, Lifestyle & Wellbeing; Mental Health & Wellness",NSW (Sydney),Gender: Female
Warren Davies,Business; Inspirational; Leadership; Mental Health & Wellness; Motivational; Resilience; Team Building,VIC (Melbourne),Gender: Male
Warwick Merry,Authors; Master of Ceremonies (MCs) & Hosts; Virtual,VIC (Melbourne),Gender: Male
Wasim Akram,Business; Inspirational; Leadership; Motivational; Sport; Storytelling,International (Karachi; Pakistan),Gender: Male
Wayne Baskin,"Business; Team Building; Technology, Future & Innovation",NSW (Sydney),Gender: Male
Wayne Bennett AM,Motivational; Sport,NSW (Sydney),Gender: Male
Wayne Carey,Celebrity; Leadership; Motivational; Sport,VIC (Melbourne),Gender: Male
Wayne Herbert,Business; Diversity & Inclusion; Inspirational; People & Culture; Resilience; Virtual,ACT (Canberra),Gender: Male
Wayne Pearce,Leadership; Motivational; Resilience; Sport; Team Building,NSW (Sydney),Gender: Male
Wayne Phillips,After Dinner Speakers; Master of Ceremonies (MCs) & Hosts; Sport,SA (Adelaide),Gender: Male
Wayne Quilliam,After Dinner Speakers; Creativity & Innovation; Diversity & Inclusion; Environment & Climate Change; Food & Wine; Indigenous Speakers; Inspirational; Master of Ceremonies (MCs) & Hosts; Storytelling,VIC (Melbourne),Gender: Male
Wayne Schwass,"Health, Lifestyle & Wellbeing; Inspirational; Mental Health & Wellness; Motivational; Resilience; Sport",VIC (Melbourne),Gender: Male
Wayne Shapiro,Master of Ceremonies (MCs) & Hosts,NSW,Gender: Male
Wema Hoover,Advertising & Marketing; Business; Diversity & Inclusion; Leadership,International (USA),Gender: Female
Wendy Dean,Inspirational; Mental Health & Wellness; Motivational; Resilience,QLD (Brisbane),Gender: Female
Wendy Harmer,Master of Ceremonies (MCs) & Hosts,NSW (Sydney),Gender: Female
Wendy Leong,Business; Diversity & Inclusion; Leadership; Motivational,International (Asia; Singapore),Gender: Female
Whitney Fitzsimmons,Business; Leadership; Master of Ceremonies (MCs) & Hosts; Media; World Affairs,NSW (Sydney),Gender: Female
Wil Anderson,Master of Ceremonies (MCs) & Hosts,NSW (Byron Bay; Sydney),Gender: Male
Wil Massara,Business; Intergenerational Influencers; Leadership; Motivational,WA (Perth),Gender: Male
William Mulholland,Business; Master of Ceremonies (MCs) & Hosts; Politics & Law; Storytelling,VIC (Melbourne),Gender: Male
William Pike,"Adventurers; Business; Diversity & Inclusion; Health, Lifestyle & Wellbeing; Leadership; Motivational; Sport",New Zealand (Auckland),Gender: Male
Winitha Bonney OAM,Business; Diversity & Inclusion; Inspirational; Leadership; Motivational,QLD (Coolangatta),Gender: Female
Winthrop Professor Fiona Wood FRACS AO,"Business; Creativity & Innovation; Leadership; Team Building; Technology, Future & Innovation",WA (Perth),Gender: Female
Xavier Minniecon,Master of Ceremonies (MCs) & Hosts; Media,TAS (Hobart),Gender: Male
Yamini Naidu,Business; Leadership,VIC (Melbourne),Gender: Female
Yasmin London,"Business; Leadership; Master of Ceremonies (MCs) & Hosts; Technology, Future & Innovation",NSW (Sydney),Gender: Female
Yasmin Poole,Business; Creativity & Innovation; Intergenerational Influencers; Leadership; Media; Politics & Law,VIC (Melbourne),Gender: Female
Yassmin Abdel-Magied,Diversity & Inclusion; Education; Intergenerational Influencers; Leadership,International (London; UK),Gender: Female
Yossi Ghinsberg,Inspirational,NSW (Byron Bay),Gender: Male
YuJin Wong,Business; Leadership; Motivational; Resilience; Storytelling; Team Building,International (Asia; Singapore),Gender: Male
Yvette Adams,"Authors; Business; Creativity & Innovation; Leadership; Social Trends & Current Affairs; Technology, Future & Innovation",QLD (Brisbane),Gender: Female
Yvonne Adele,"Advertising & Marketing; Business; Celebrity; Creativity & Innovation; Leadership; Social Media & Networking; Technology, Future & Innovation",VIC (Melbourne),Gender: Female
Zac Stubblety Cook OAM,Inspirational; Motivational; Sport,QLD (Brisbane),Gender: Male
Zach Green,Food & Wine; Indigenous Speakers; Inspirational; Mental Health & Wellness; Motivational; Storytelling,NT (Darwin),Gender: Male
Zack Kass,"AI; Business; Technology, Future & Innovation",International (USA),Gender: Male
Zara Seidler,Business; Intergenerational Influencers; Leadership; Master of Ceremonies (MCs) & Hosts; Media,NSW (Sydney),Gender: Female
Zii Wacho,Business; Creativity & Innovation; Diversity & Inclusion; Leadership; Team Building,VIC (Melbourne),Gender: Male
Zoë Coombs Marr,Diversity & Inclusion; Inspirational; Master of Ceremonies (MCs) & Hosts,VIC (Melbourne),Gender: Female
Zoe Daniel,Celebrity; Leadership; Media,VIC (Melbourne),Gender: Female
Zoe Naylor,Celebrity; Master of Ceremonies (MCs) & Hosts,NSW,Gender: Female
